team_id,league_id,season_id,prefix,nickname,abbreviation,city,state,country
1,0,1949,Tri-Cities,Blackhawks,TRI,Moline,Illinois,USA
1,0,1950,Tri-Cities,Blackhawks,TRI,Moline,Illinois,USA
1,0,1951,Milwaukee,Hawks,MLH,Milwaukee,Wisconsin,USA
1,0,1952,Milwaukee,Hawks,MLH,Milwaukee,Wisconsin,USA
1,0,1953,Milwaukee,Hawks,MLH,Milwaukee,Wisconsin,USA
1,0,1954,Milwaukee,Hawks,MLH,Milwaukee,Wisconsin,USA
1,0,1955,St. Louis,Hawks,STL,Saint Louis,Missouri,USA
1,0,1956,St. Louis,Hawks,STL,Saint Louis,Missouri,USA
1,0,1957,St. Louis,Hawks,STL,Saint Louis,Missouri,USA
1,0,1958,St. Louis,Hawks,STL,Saint Louis,Missouri,USA
1,0,1959,St. Louis,Hawks,STL,Saint Louis,Missouri,USA
1,0,1960,St. Louis,Hawks,STL,Saint Louis,Missouri,USA
1,0,1961,St. Louis,Hawks,STL,Saint Louis,Missouri,USA
1,0,1962,St. Louis,Hawks,STL,Saint Louis,Missouri,USA
1,0,1963,St. Louis,Hawks,STL,Saint Louis,Missouri,USA
1,0,1964,St. Louis,Hawks,STL,Saint Louis,Missouri,USA
1,0,1965,St. Louis,Hawks,STL,Saint Louis,Missouri,USA
1,0,1966,St. Louis,Hawks,STL,Saint Louis,Missouri,USA
1,0,1967,St. Louis,Hawks,STL,Saint Louis,Missouri ,USA
1,0,1968,Atlanta,Hawks,ATL,Atlanta,Georgia,USA
1,0,1969,Atlanta,Hawks,ATL,Atlanta,Georgia,USA
1,0,1970,Atlanta,Hawks,ATL,Atlanta,Georgia,USA
1,0,1971,Atlanta,Hawks,ATL,Atlanta,Georgia,USA
1,0,1972,Atlanta,Hawks,ATL,Atlanta,Georgia,USA
1,0,1973,Atlanta,Hawks,ATL,Atlanta,Georgia,USA
1,0,1974,Atlanta,Hawks,ATL,Atlanta,Georgia,USA
1,0,1975,Atlanta,Hawks,ATL,Atlanta,Georgia,USA
1,0,1976,Atlanta,Hawks,ATL,Atlanta,Georgia,USA
1,0,1977,Atlanta,Hawks,ATL,Atlanta,Georgia,USA
1,0,1978,Atlanta,Hawks,ATL,Atlanta,Georgia,USA
1,0,1979,Atlanta,Hawks,ATL,Atlanta,Georgia,USA
1,0,1980,Atlanta,Hawks,ATL,Atlanta,Georgia,USA
1,0,1981,Atlanta,Hawks,ATL,Atlanta,Georgia,USA
1,0,1982,Atlanta,Hawks,ATL,Atlanta,Georgia,USA
1,0,1983,Atlanta,Hawks,ATL,Atlanta,Georgia,USA
1,0,1984,Atlanta,Hawks,ATL,Atlanta,Georgia,USA
1,0,1985,Atlanta,Hawks,ATL,Atlanta,Georgia,USA
1,0,1986,Atlanta,Hawks,ATL,Atlanta,Georgia,USA
1,0,1987,Atlanta,Hawks,ATL,Atlanta,Georgia,USA
1,0,1988,Atlanta,Hawks,ATL,Atlanta,Georgia,USA
1,0,1989,Atlanta,Hawks,ATL,Atlanta,Georgia,USA
1,0,1990,Atlanta,Hawks,ATL,Atlanta,Georgia,USA
1,0,1991,Atlanta,Hawks,ATL,Atlanta,Georgia,USA
1,0,1992,Atlanta,Hawks,ATL,Atlanta,Georgia,USA
1,0,1993,Atlanta,Hawks,ATL,Atlanta,Georgia,USA
1,0,1994,Atlanta,Hawks,ATL,Atlanta,Georgia,USA
1,0,1995,Atlanta,Hawks,ATL,Atlanta,Georgia,USA
1,0,1996,Atlanta,Hawks,ATL,Atlanta,Georgia,USA
1,0,1997,Atlanta,Hawks,ATL,Atlanta,Georgia,USA
1,0,1998,Atlanta,Hawks,ATL,Atlanta,Georgia,USA
1,0,1999,Atlanta,Hawks,ATL,Atlanta,Georgia,USA
1,0,2000,Atlanta,Hawks,ATL,Atlanta,Georgia,USA
1,0,2001,Atlanta,Hawks,ATL,Atlanta,Georgia,USA
1,0,2002,Atlanta,Hawks,ATL,Atlanta,Georgia,USA
1,0,2003,Atlanta,Hawks,ATL,Atlanta,Georgia,USA
1,0,2004,Atlanta,Hawks,ATL,Atlanta,Georgia,USA
1,0,2005,Atlanta,Hawks,ATL,Atlanta,Georgia,USA
1,0,2006,Atlanta,Hawks,ATL,Atlanta,Georgia,USA
1,0,2007,Atlanta,Hawks,ATL,Atlanta,Georgia,USA
1,0,2008,Atlanta,Hawks,ATL,Atlanta,Georgia,USA
1,0,2009,Atlanta,Hawks,ATL,Atlanta,Georgia,USA
1,0,2010,Atlanta,Hawks,ATL,Atlanta,Georgia,USA
1,0,2011,Atlanta,Hawks,ATL,Atlanta,Georgia,USA
1,0,2012,Atlanta,Hawks,ATL,Atlanta,Georgia,USA
1,0,2013,Atlanta,Hawks,ATL,Atlanta,Georgia,USA
1,0,2014,Atlanta,Hawks,ATL,Atlanta,Georgia,USA
1,0,2015,Atlanta,Hawks,ATL,Atlanta,Georgia,USA
1,0,2016,Atlanta,Hawks,ATL,Atlanta,Georgia,USA
1,0,2017,Atlanta,Hawks,ATL,Atlanta,Georgia,USA
1,0,2018,Atlanta,Hawks,ATL,Atlanta,Georgia,USA
1,0,2019,Atlanta,Hawks,ATL,Atlanta,Georgia,USA
1,0,2020,Atlanta,Hawks,ATL,Atlanta,Georgia,USA
2,0,1949,Boston,Celtics,BOS,Boston,Massachusetts,USA
2,0,1950,Boston,Celtics,BOS,Boston,Massachusetts,USA
2,0,1951,Boston,Celtics,BOS,Boston,Massachusetts,USA
2,0,1952,Boston,Celtics,BOS,Boston,Massachusetts,USA
2,0,1953,Boston,Celtics,BOS,Boston,Massachusetts,USA
2,0,1954,Boston,Celtics,BOS,Boston,Massachusetts,USA
2,0,1955,Boston,Celtics,BOS,Boston,Massachusetts,USA
2,0,1956,Boston,Celtics,BOS,Boston,Massachusetts,USA
2,0,1957,Boston,Celtics,BOS,Boston,Massachusetts,USA
2,0,1958,Boston,Celtics,BOS,Boston,Massachusetts,USA
2,0,1959,Boston,Celtics,BOS,Boston,Massachusetts,USA
2,0,1960,Boston,Celtics,BOS,Boston,Massachusetts,USA
2,0,1961,Boston,Celtics,BOS,Boston,Massachusetts,USA
2,0,1962,Boston,Celtics,BOS,Boston,Massachusetts,USA
2,0,1963,Boston,Celtics,BOS,Boston,Massachusetts,USA
2,0,1964,Boston,Celtics,BOS,Boston,Massachusetts,USA
2,0,1965,Boston,Celtics,BOS,Boston,Massachusetts,USA
2,0,1966,Boston,Celtics,BOS,Boston,Massachusetts,USA
2,0,1967,Boston,Celtics,BOS,Boston,Massachusetts,USA
2,0,1968,Boston,Celtics,BOS,Boston,Massachusetts,USA
2,0,1969,Boston,Celtics,BOS,Boston,Massachusetts,USA
2,0,1970,Boston,Celtics,BOS,Boston,Massachusetts,USA
2,0,1971,Boston,Celtics,BOS,Boston,Massachusetts,USA
2,0,1972,Boston,Celtics,BOS,Boston,Massachusetts,USA
2,0,1973,Boston,Celtics,BOS,Boston,Massachusetts,USA
2,0,1974,Boston,Celtics,BOS,Boston,Massachusetts,USA
2,0,1975,Boston,Celtics,BOS,Boston,Massachusetts,USA
2,0,1976,Boston,Celtics,BOS,Boston,Massachusetts,USA
2,0,1977,Boston,Celtics,BOS,Boston,Massachusetts,USA
2,0,1978,Boston,Celtics,BOS,Boston,Massachusetts,USA
2,0,1979,Boston,Celtics,BOS,Boston,Massachusetts,USA
2,0,1980,Boston,Celtics,BOS,Boston,Massachusetts,USA
2,0,1981,Boston,Celtics,BOS,Boston,Massachusetts,USA
2,0,1982,Boston,Celtics,BOS,Boston,Massachusetts,USA
2,0,1983,Boston,Celtics,BOS,Boston,Massachusetts,USA
2,0,1984,Boston,Celtics,BOS,Boston,Massachusetts,USA
2,0,1985,Boston,Celtics,BOS,Boston,Massachusetts,USA
2,0,1986,Boston,Celtics,BOS,Boston,Massachusetts,USA
2,0,1987,Boston,Celtics,BOS,Boston,Massachusetts,USA
2,0,1988,Boston,Celtics,BOS,Boston,Massachusetts,USA
2,0,1989,Boston,Celtics,BOS,Boston,Massachusetts,USA
2,0,1990,Boston,Celtics,BOS,Boston,Massachusetts,USA
2,0,1991,Boston,Celtics,BOS,Boston,Massachusetts,USA
2,0,1992,Boston,Celtics,BOS,Boston,Massachusetts,USA
2,0,1993,Boston,Celtics,BOS,Boston,Massachusetts,USA
2,0,1994,Boston,Celtics,BOS,Boston,Massachusetts,USA
2,0,1995,Boston,Celtics,BOS,Boston,Massachusetts,USA
2,0,1996,Boston,Celtics,BOS,Boston,Massachusetts,USA
2,0,1997,Boston,Celtics,BOS,Boston,Massachusetts,USA
2,0,1998,Boston,Celtics,BOS,Boston,Massachusetts,USA
2,0,1999,Boston,Celtics,BOS,Boston,Massachusetts,USA
2,0,2000,Boston,Celtics,BOS,Boston,Massachusetts,USA
2,0,2001,Boston,Celtics,BOS,Boston,Massachusetts,USA
2,0,2002,Boston,Celtics,BOS,Boston,Massachusetts,USA
2,0,2003,Boston,Celtics,BOS,Boston,Massachusetts,USA
2,0,2004,Boston,Celtics,BOS,Boston,Massachusetts,USA
2,0,2005,Boston,Celtics,BOS,Boston,Massachusetts,USA
2,0,2006,Boston,Celtics,BOS,Boston,Massachusetts,USA
2,0,2007,Boston,Celtics,BOS,Boston,Massachusetts,USA
2,0,2008,Boston,Celtics,BOS,Boston,Massachusetts,USA
2,0,2009,Boston,Celtics,BOS,Boston,Massachusetts,USA
2,0,2010,Boston,Celtics,BOS,Boston,Massachusetts,USA
2,0,2011,Boston,Celtics,BOS,Boston,Massachusetts,USA
2,0,2012,Boston,Celtics,BOS,Boston,Massachusetts,USA
2,0,2013,Boston,Celtics,BOS,Boston,Massachusetts,USA
2,0,2014,Boston,Celtics,BOS,Boston,Massachusetts,USA
2,0,2015,Boston,Celtics,BOS,Boston,Massachusetts,USA
2,0,2016,Boston,Celtics,BOS,Boston,Massachusetts,USA
2,0,2017,Boston,Celtics,BOS,Boston,Massachusetts,USA
2,0,2018,Boston,Celtics,BOS,Boston,Massachusetts,USA
2,0,2019,Boston,Celtics,BOS,Boston,Massachusetts,USA
2,0,2020,Boston,Celtics,BOS,Boston,Massachusetts,USA
2,2,1946,Boston,Celtics,BOS,Boston,Massachusetts,USA
2,2,1947,Boston,Celtics,BOS,Boston,Massachusetts,USA
2,2,1948,Boston,Celtics,BOS,Boston,Massachusetts,USA
3,0,1976,New York,Nets,NYN,Long Island,New York,USA
3,0,1977,New Jersey,Nets,NJN,East Rutherford,New Jersey,USA
3,0,1978,New Jersey,Nets,NJN,East Rutherford,New Jersey,USA
3,0,1979,New Jersey,Nets,NJN,East Rutherford,New Jersey,USA
3,0,1980,New Jersey,Nets,NJN,East Rutherford,New Jersey,USA
3,0,1981,New Jersey,Nets,NJN,East Rutherford,New Jersey,USA
3,0,1982,New Jersey,Nets,NJN,East Rutherford,New Jersey,USA
3,0,1983,New Jersey,Nets,NJN,East Rutherford,New Jersey,USA
3,0,1984,New Jersey,Nets,NJN,East Rutherford,New Jersey,USA
3,0,1985,New Jersey,Nets,NJN,East Rutherford,New Jersey,USA
3,0,1986,New Jersey,Nets,NJN,East Rutherford,New Jersey,USA
3,0,1987,New Jersey,Nets,NJN,East Rutherford,New Jersey,USA
3,0,1988,New Jersey,Nets,NJN,East Rutherford,New Jersey,USA
3,0,1989,New Jersey,Nets,NJN,East Rutherford,New Jersey,USA
3,0,1990,New Jersey,Nets,NJN,East Rutherford,New Jersey,USA
3,0,1991,New Jersey,Nets,NJN,East Rutherford,New Jersey,USA
3,0,1992,New Jersey,Nets,NJN,East Rutherford,New Jersey,USA
3,0,1993,New Jersey,Nets,NJN,East Rutherford,New Jersey,USA
3,0,1994,New Jersey,Nets,NJN,East Rutherford,New Jersey,USA
3,0,1995,New Jersey,Nets,NJN,East Rutherford,New Jersey,USA
3,0,1996,New Jersey,Nets,NJN,East Rutherford,New Jersey,USA
3,0,1997,New Jersey,Nets,NJN,East Rutherford,New Jersey,USA
3,0,1998,New Jersey,Nets,NJN,East Rutherford,New Jersey,USA
3,0,1999,New Jersey,Nets,NJN,East Rutherford,New Jersey,USA
3,0,2000,New Jersey,Nets,NJN,East Rutherford,New Jersey,USA
3,0,2001,New Jersey,Nets,NJN,East Rutherford,New Jersey,USA
3,0,2002,New Jersey,Nets,NJN,East Rutherford,New Jersey,USA
3,0,2003,New Jersey,Nets,NJN,East Rutherford,New Jersey,USA
3,0,2004,New Jersey,Nets,NJN,East Rutherford,New Jersey,USA
3,0,2005,New Jersey,Nets,NJN,East Rutherford,New Jersey,USA
3,0,2006,New Jersey,Nets,NJN,East Rutherford,New Jersey,USA
3,0,2007,New Jersey,Nets,BKN,Brooklyn,New York,USA
3,0,2008,New Jersey,Nets,BKN,Brooklyn,New York,USA
3,0,2009,New Jersey,Nets,BKN,Brooklyn,New York,USA
3,0,2010,New Jersey,Nets,BKN,Brooklyn,New York,USA
3,0,2011,New Jersey,Nets,BKN,Brooklyn,New York,USA
3,0,2012,Brooklyn,Nets,BKN,Brooklyn,New York,USA
3,0,2013,Brooklyn,Nets,BKN,Brooklyn,New York,USA
3,0,2014,Brooklyn,Nets,BKN,Brooklyn,New York,USA
3,0,2015,Brooklyn,Nets,BKN,Brooklyn,New York,USA
3,0,2016,Brooklyn,Nets,BKN,Brooklyn,New York,USA
3,0,2017,Brooklyn,Nets,BKN,Brooklyn,New York,USA
3,0,2018,Brooklyn,Nets,BKN,Brooklyn,New York,USA
3,0,2019,Brooklyn,Nets,BKN,Brooklyn,New York,USA
3,0,2020,Brooklyn,Nets,BKN,Brooklyn,New York,USA
3,1,1967,New Jersey,Americans,NJA,Teaneck,New Jersey,USA
3,1,1968,New York,Nets,NYN,Long Island,New York,USA
3,1,1969,New York,Nets,NYN,Long Island,New York,USA
3,1,1970,New York,Nets,NYN,Long Island,New York,USA
3,1,1971,New York,Nets,NYN,Long Island,New York,USA
3,1,1972,New York,Nets,NYN,Long Island,New York,USA
3,1,1973,New York,Nets,NYN,Long Island,New York,USA
3,1,1974,New York,Nets,NYN,Long Island,New York,USA
3,1,1975,New York,Nets,NYN,Long Island,New York,USA
4,0,1989,Charlotte,Hornets,CHA,Charlotte,North Carolina,USA
4,0,1990,Charlotte,Hornets,CHA,Charlotte,North Carolina,USA
4,0,1991,Charlotte,Hornets,CHA,Charlotte,North Carolina,USA
4,0,1992,Charlotte,Hornets,CHA,Charlotte,North Carolina,USA
4,0,1993,Charlotte,Hornets,CHA,Charlotte,North Carolina,USA
4,0,1994,Charlotte,Hornets,CHA,Charlotte,North Carolina,USA
4,0,1995,Charlotte,Hornets,CHA,Charlotte,North Carolina,USA
4,0,1996,Charlotte,Hornets,CHA,Charlotte,North Carolina,USA
4,0,1997,Charlotte,Hornets,CHA,Charlotte,North Carolina,USA
4,0,1998,Charlotte,Hornets,CHA,Charlotte,North Carolina,USA
4,0,1999,Charlotte,Hornets,CHA,Charlotte,North Carolina,USA
4,0,2000,Charlotte,Hornets,CHA,Charlotte,North Carolina,USA
4,0,2001,Charlotte,Hornets,CHA,Charlotte,North Carolina,USA
4,0,2002,Charlotte,Hornets,CHA,Charlotte,North Carolina,USA
4,0,2003,Charlotte,Hornets,CHA,Charlotte,North Carolina,USA
4,0,2004,Charlotte,Bobcats,CHA,Charlotte,North Carolina,USA
4,0,2005,Charlotte,Bobcats,CHA,Charlotte,North Carolina,USA
4,0,2006,Charlotte,Bobcats,CHA,Charlotte,North Carolina,USA
4,0,2007,Charlotte,Bobcats,CHA,Charlotte,North Carolina,USA
4,0,2008,Charlotte,Bobcats,CHA,Charlotte,North Carolina,USA
4,0,2009,Charlotte,Bobcats,CHA,Charlotte,North Carolina,USA
4,0,2010,Charlotte,Bobcats,CHA,Charlotte,North Carolina,USA
4,0,2011,Charlotte,Bobcats,CHA,Charlotte,North Carolina,USA
4,0,2012,Charlotte,Bobcats,CHA,Charlotte,North Carolina,USA
4,0,2013,Charlotte,Bobcats,CHA,Charlotte,North Carolina,USA
4,0,2014,Charlotte,Hornets,CHA,Charlotte,North Carolina,USA
4,0,2015,Charlotte,Hornets,CHA,Charlotte,North Carolina,USA
4,0,2016,Charlotte,Hornets,CHA,Charlotte,North Carolina,USA
4,0,2017,Charlotte,Hornets,CHA,Charlotte,North Carolina,USA
4,0,2018,Charlotte,Hornets,CHA,Charlotte,North Carolina,USA
4,0,2019,Charlotte,Hornets,CHA,Charlotte,North Carolina,USA
4,0,2020,Charlotte,Hornets,CHA,Charlotte,North Carolina,USA
5,0,1966,Chicago,Bulls,CHI,Chicago,Illinois,USA
5,0,1967,Chicago,Bulls,CHI,Chicago,Illinois,USA
5,0,1968,Chicago,Bulls,CHI,Chicago,Illinois,USA
5,0,1969,Chicago,Bulls,CHI,Chicago,Illinois,USA
5,0,1970,Chicago,Bulls,CHI,Chicago,Illinois,USA
5,0,1971,Chicago,Bulls,CHI,Chicago,Illinois,USA
5,0,1972,Chicago,Bulls,CHI,Chicago,Illinois,USA
5,0,1973,Chicago,Bulls,CHI,Chicago,Illinois,USA
5,0,1974,Chicago,Bulls,CHI,Chicago,Illinois,USA
5,0,1975,Chicago,Bulls,CHI,Chicago,Illinois,USA
5,0,1976,Chicago,Bulls,CHI,Chicago,Illinois,USA
5,0,1977,Chicago,Bulls,CHI,Chicago,Illinois,USA
5,0,1978,Chicago,Bulls,CHI,Chicago,Illinois,USA
5,0,1979,Chicago,Bulls,CHI,Chicago,Illinois,USA
5,0,1980,Chicago,Bulls,CHI,Chicago,Illinois,USA
5,0,1981,Chicago,Bulls,CHI,Chicago,Illinois,USA
5,0,1982,Chicago,Bulls,CHI,Chicago,Illinois,USA
5,0,1983,Chicago,Bulls,CHI,Chicago,Illinois,USA
5,0,1984,Chicago,Bulls,CHI,Chicago,Illinois,USA
5,0,1985,Chicago,Bulls,CHI,Chicago,Illinois,USA
5,0,1986,Chicago,Bulls,CHI,Chicago,Illinois,USA
5,0,1987,Chicago,Bulls,CHI,Chicago,Illinois,USA
5,0,1988,Chicago,Bulls,CHI,Chicago,Illinois,USA
5,0,1989,Chicago,Bulls,CHI,Chicago,Illinois,USA
5,0,1990,Chicago,Bulls,CHI,Chicago,Illinois,USA
5,0,1991,Chicago,Bulls,CHI,Chicago,Illinois,USA
5,0,1992,Chicago,Bulls,CHI,Chicago,Illinois,USA
5,0,1993,Chicago,Bulls,CHI,Chicago,Illinois,USA
5,0,1994,Chicago,Bulls,CHI,Chicago,Illinois,USA
5,0,1995,Chicago,Bulls,CHI,Chicago,Illinois,USA
5,0,1996,Chicago,Bulls,CHI,Chicago,Illinois,USA
5,0,1997,Chicago,Bulls,CHI,Chicago,Illinois,USA
5,0,1998,Chicago,Bulls,CHI,Chicago,Illinois,USA
5,0,1999,Chicago,Bulls,CHI,Chicago,Illinois,USA
5,0,2000,Chicago,Bulls,CHI,Chicago,Illinois,USA
5,0,2001,Chicago,Bulls,CHI,Chicago,Illinois,USA
5,0,2002,Chicago,Bulls,CHI,Chicago,Illinois,USA
5,0,2003,Chicago,Bulls,CHI,Chicago,Illinois,USA
5,0,2004,Chicago,Bulls,CHI,Chicago,Illinois,USA
5,0,2005,Chicago,Bulls,CHI,Chicago,Illinois,USA
5,0,2006,Chicago,Bulls,CHI,Chicago,Illinois,USA
5,0,2007,Chicago,Bulls,CHI,Chicago,Illinois,USA
5,0,2008,Chicago,Bulls,CHI,Chicago,Illinois,USA
5,0,2009,Chicago,Bulls,CHI,Chicago,Illinois,USA
5,0,2010,Chicago,Bulls,CHI,Chicago,Illinois,USA
5,0,2011,Chicago,Bulls,CHI,Chicago,Illinois,USA
5,0,2012,Chicago,Bulls,CHI,Chicago,Illinois,USA
5,0,2013,Chicago,Bulls,CHI,Chicago,Illinois,USA
5,0,2014,Chicago,Bulls,CHI,Chicago,Illinois,USA
5,0,2015,Chicago,Bulls,CHI,Chicago,Illinois,USA
5,0,2016,Chicago,Bulls,CHI,Chicago,Illinois,USA
5,0,2017,Chicago,Bulls,CHI,Chicago,Illinois,USA
5,0,2018,Chicago,Bulls,CHI,Chicago,Illinois,USA
5,0,2019,Chicago,Bulls,CHI,Chicago,Illinois,USA
5,0,2020,Chicago,Bulls,CHI,Chicago,Illinois,USA
6,0,1970,Cleveland,Cavaliers,CLE,Cleveland,Ohio,USA
6,0,1971,Cleveland,Cavaliers,CLE,Cleveland,Ohio,USA
6,0,1972,Cleveland,Cavaliers,CLE,Cleveland,Ohio,USA
6,0,1973,Cleveland,Cavaliers,CLE,Cleveland,Ohio,USA
6,0,1974,Cleveland,Cavaliers,CLE,Cleveland,Ohio,USA
6,0,1975,Cleveland,Cavaliers,CLE,Cleveland,Ohio,USA
6,0,1976,Cleveland,Cavaliers,CLE,Cleveland,Ohio,USA
6,0,1977,Cleveland,Cavaliers,CLE,Cleveland,Ohio,USA
6,0,1978,Cleveland,Cavaliers,CLE,Cleveland,Ohio,USA
6,0,1979,Cleveland,Cavaliers,CLE,Cleveland,Ohio,USA
6,0,1980,Cleveland,Cavaliers,CLE,Cleveland,Ohio,USA
6,0,1981,Cleveland,Cavaliers,CLE,Cleveland,Ohio,USA
6,0,1982,Cleveland,Cavaliers,CLE,Cleveland,Ohio,USA
6,0,1983,Cleveland,Cavaliers,CLE,Cleveland,Ohio,USA
6,0,1984,Cleveland,Cavaliers,CLE,Cleveland,Ohio,USA
6,0,1985,Cleveland,Cavaliers,CLE,Cleveland,Ohio,USA
6,0,1986,Cleveland,Cavaliers,CLE,Cleveland,Ohio,USA
6,0,1987,Cleveland,Cavaliers,CLE,Cleveland,Ohio,USA
6,0,1988,Cleveland,Cavaliers,CLE,Cleveland,Ohio,USA
6,0,1989,Cleveland,Cavaliers,CLE,Cleveland,Ohio,USA
6,0,1990,Cleveland,Cavaliers,CLE,Cleveland,Ohio,USA
6,0,1991,Cleveland,Cavaliers,CLE,Cleveland,Ohio,USA
6,0,1992,Cleveland,Cavaliers,CLE,Cleveland,Ohio,USA
6,0,1993,Cleveland,Cavaliers,CLE,Cleveland,Ohio,USA
6,0,1994,Cleveland,Cavaliers,CLE,Cleveland,Ohio,USA
6,0,1995,Cleveland,Cavaliers,CLE,Cleveland,Ohio,USA
6,0,1996,Cleveland,Cavaliers,CLE,Cleveland,Ohio,USA
6,0,1997,Cleveland,Cavaliers,CLE,Cleveland,Ohio,USA
6,0,1998,Cleveland,Cavaliers,CLE,Cleveland,Ohio,USA
6,0,1999,Cleveland,Cavaliers,CLE,Cleveland,Ohio,USA
6,0,2000,Cleveland,Cavaliers,CLE,Cleveland,Ohio,USA
6,0,2001,Cleveland,Cavaliers,CLE,Cleveland,Ohio,USA
6,0,2002,Cleveland,Cavaliers,CLE,Cleveland,Ohio,USA
6,0,2003,Cleveland,Cavaliers,CLE,Cleveland,Ohio,USA
6,0,2004,Cleveland,Cavaliers,CLE,Cleveland,Ohio,USA
6,0,2005,Cleveland,Cavaliers,CLE,Cleveland,Ohio,USA
6,0,2006,Cleveland,Cavaliers,CLE,Cleveland,Ohio,USA
6,0,2007,Cleveland,Cavaliers,CLE,Cleveland,Ohio,USA
6,0,2008,Cleveland,Cavaliers,CLE,Cleveland,Ohio,USA
6,0,2009,Cleveland,Cavaliers,CLE,Cleveland,Ohio,USA
6,0,2010,Cleveland,Cavaliers,CLE,Cleveland,Ohio,USA
6,0,2011,Cleveland,Cavaliers,CLE,Cleveland,Ohio,USA
6,0,2012,Cleveland,Cavaliers,CLE,Cleveland,Ohio,USA
6,0,2013,Cleveland,Cavaliers,CLE,Cleveland,Ohio,USA
6,0,2014,Cleveland,Cavaliers,CLE,Cleveland,Ohio,USA
6,0,2015,Cleveland,Cavaliers,CLE,Cleveland,Ohio,USA
6,0,2016,Cleveland,Cavaliers,CLE,Cleveland,Ohio,USA
6,0,2017,Cleveland,Cavaliers,CLE,Cleveland,Ohio,USA
6,0,2018,Cleveland,Cavaliers,CLE,Cleveland,Ohio,USA
6,0,2019,Cleveland,Cavaliers,CLE,Cleveland,Ohio,USA
6,0,2020,Cleveland,Cavaliers,CLE,Cleveland,Ohio,USA
7,0,1980,Dallas,Mavericks,DAL,Dallas,Texas,USA
7,0,1981,Dallas,Mavericks,DAL,Dallas,Texas,USA
7,0,1982,Dallas,Mavericks,DAL,Dallas,Texas,USA
7,0,1983,Dallas,Mavericks,DAL,Dallas,Texas,USA
7,0,1984,Dallas,Mavericks,DAL,Dallas,Texas,USA
7,0,1985,Dallas,Mavericks,DAL,Dallas,Texas,USA
7,0,1986,Dallas,Mavericks,DAL,Dallas,Texas,USA
7,0,1987,Dallas,Mavericks,DAL,Dallas,Texas,USA
7,0,1988,Dallas,Mavericks,DAL,Dallas,Texas,USA
7,0,1989,Dallas,Mavericks,DAL,Dallas,Texas,USA
7,0,1990,Dallas,Mavericks,DAL,Dallas,Texas,USA
7,0,1991,Dallas,Mavericks,DAL,Dallas,Texas,USA
7,0,1992,Dallas,Mavericks,DAL,Dallas,Texas,USA
7,0,1993,Dallas,Mavericks,DAL,Dallas,Texas,USA
7,0,1994,Dallas,Mavericks,DAL,Dallas,Texas,USA
7,0,1995,Dallas,Mavericks,DAL,Dallas,Texas,USA
7,0,1996,Dallas,Mavericks,DAL,Dallas,Texas,USA
7,0,1997,Dallas,Mavericks,DAL,Dallas,Texas,USA
7,0,1998,Dallas,Mavericks,DAL,Dallas,Texas,USA
7,0,1999,Dallas,Mavericks,DAL,Dallas,Texas,USA
7,0,2000,Dallas,Mavericks,DAL,Dallas,Texas,USA
7,0,2001,Dallas,Mavericks,DAL,Dallas,Texas,USA
7,0,2002,Dallas,Mavericks,DAL,Dallas,Texas,USA
7,0,2003,Dallas,Mavericks,DAL,Dallas,Texas,USA
7,0,2004,Dallas,Mavericks,DAL,Dallas,Texas,USA
7,0,2005,Dallas,Mavericks,DAL,Dallas,Texas,USA
7,0,2006,Dallas,Mavericks,DAL,Dallas,Texas,USA
7,0,2007,Dallas,Mavericks,DAL,Dallas,Texas,USA
7,0,2008,Dallas,Mavericks,DAL,Dallas,Texas,USA
7,0,2009,Dallas,Mavericks,DAL,Dallas,Texas,USA
7,0,2010,Dallas,Mavericks,DAL,Dallas,Texas,USA
7,0,2011,Dallas,Mavericks,DAL,Dallas,Texas,USA
7,0,2012,Dallas,Mavericks,DAL,Dallas,Texas,USA
7,0,2013,Dallas,Mavericks,DAL,Dallas,Texas,USA
7,0,2014,Dallas,Mavericks,DAL,Dallas,Texas,USA
7,0,2015,Dallas,Mavericks,DAL,Dallas,Texas,USA
7,0,2016,Dallas,Mavericks,DAL,Dallas,Texas,USA
7,0,2017,Dallas,Mavericks,DAL,Dallas,Texas,USA
7,0,2018,Dallas,Mavericks,DAL,Dallas,Texas,USA
7,0,2019,Dallas,Mavericks,DAL,Dallas,Texas,USA
7,0,2020,Dallas,Mavericks,DAL,Dallas,Texas,USA
8,0,1976,Denver,Nuggets,DEN,Denver,Colorado,USA
8,0,1977,Denver,Nuggets,DEN,Denver,Colorado,USA
8,0,1978,Denver,Nuggets,DEN,Denver,Colorado,USA
8,0,1979,Denver,Nuggets,DEN,Denver,Colorado,USA
8,0,1980,Denver,Nuggets,DEN,Denver,Colorado,USA
8,0,1981,Denver,Nuggets,DEN,Denver,Colorado,USA
8,0,1982,Denver,Nuggets,DEN,Denver,Colorado,USA
8,0,1983,Denver,Nuggets,DEN,Denver,Colorado,USA
8,0,1984,Denver,Nuggets,DEN,Denver,Colorado,USA
8,0,1985,Denver,Nuggets,DEN,Denver,Colorado,USA
8,0,1986,Denver,Nuggets,DEN,Denver,Colorado,USA
8,0,1987,Denver,Nuggets,DEN,Denver,Colorado,USA
8,0,1988,Denver,Nuggets,DEN,Denver,Colorado,USA
8,0,1989,Denver,Nuggets,DEN,Denver,Colorado,USA
8,0,1990,Denver,Nuggets,DEN,Denver,Colorado,USA
8,0,1991,Denver,Nuggets,DEN,Denver,Colorado,USA
8,0,1992,Denver,Nuggets,DEN,Denver,Colorado,USA
8,0,1993,Denver,Nuggets,DEN,Denver,Colorado,USA
8,0,1994,Denver,Nuggets,DEN,Denver,Colorado,USA
8,0,1995,Denver,Nuggets,DEN,Denver,Colorado,USA
8,0,1996,Denver,Nuggets,DEN,Denver,Colorado,USA
8,0,1997,Denver,Nuggets,DEN,Denver,Colorado,USA
8,0,1998,Denver,Nuggets,DEN,Denver,Colorado,USA
8,0,1999,Denver,Nuggets,DEN,Denver,Colorado,USA
8,0,2000,Denver,Nuggets,DEN,Denver,Colorado,USA
8,0,2001,Denver,Nuggets,DEN,Denver,Colorado,USA
8,0,2002,Denver,Nuggets,DEN,Denver,Colorado,USA
8,0,2003,Denver,Nuggets,DEN,Denver,Colorado,USA
8,0,2004,Denver,Nuggets,DEN,Denver,Colorado,USA
8,0,2005,Denver,Nuggets,DEN,Denver,Colorado,USA
8,0,2006,Denver,Nuggets,DEN,Denver,Colorado,USA
8,0,2007,Denver,Nuggets,DEN,Denver,Colorado,USA
8,0,2008,Denver,Nuggets,DEN,Denver,Colorado,USA
8,0,2009,Denver,Nuggets,DEN,Denver,Colorado,USA
8,0,2010,Denver,Nuggets,DEN,Denver,Colorado,USA
8,0,2011,Denver,Nuggets,DEN,Denver,Colorado,USA
8,0,2012,Denver,Nuggets,DEN,Denver,Colorado,USA
8,0,2013,Denver,Nuggets,DEN,Denver,Colorado,USA
8,0,2014,Denver,Nuggets,DEN,Denver,Colorado,USA
8,0,2015,Denver,Nuggets,DEN,Denver,Colorado,USA
8,0,2016,Denver,Nuggets,DEN,Denver,Colorado,USA
8,0,2017,Denver,Nuggets,DEN,Denver,Colorado,USA
8,0,2018,Denver,Nuggets,DEN,Denver,Colorado,USA
8,0,2019,Denver,Nuggets,DEN,Denver,Colorado,USA
8,0,2020,Denver,Nuggets,DEN,Denver,Colorado,USA
8,1,1967,Denver,Rockets,DEN,Denver,Colorado,USA
8,1,1968,Denver,Rockets,DEN,Denver,Colorado,USA
8,1,1969,Denver,Rockets,DEN,Denver,Colorado,USA
8,1,1970,Denver,Rockets,DEN,Denver,Colorado,USA
8,1,1971,Denver,Rockets,DEN,Denver,Colorado,USA
8,1,1972,Denver,Rockets,DEN,Denver,Colorado,USA
8,1,1973,Denver,Rockets,DEN,Denver,Colorado,USA
8,1,1974,Denver,Nuggets,DEN,Denver,Colorado,USA
8,1,1975,Denver,Nuggets,DEN,Denver,Colorado,USA
9,0,1949,Fort Wayne,Pistons,FTW,Fort Wayne,Indiana,USA
9,0,1950,Fort Wayne,Pistons,FTW,Fort Wayne,Indiana,USA
9,0,1951,Fort Wayne,Pistons,FTW,Fort Wayne,Indiana,USA
9,0,1952,Fort Wayne,Pistons,FTW,Fort Wayne,Indiana,USA
9,0,1953,Fort Wayne,Pistons,FTW,Fort Wayne,Indiana,USA
9,0,1954,Fort Wayne,Pistons,FTW,Fort Wayne,Indiana,USA
9,0,1955,Fort Wayne,Pistons,FTW,Fort Wayne,Indiana,USA
9,0,1956,Fort Wayne,Pistons,FTW,Fort Wayne,Indiana,USA
9,0,1957,Detroit,Pistons,DET,Detroit,Michigan,USA
9,0,1958,Detroit,Pistons,DET,Detroit,Michigan,USA
9,0,1959,Detroit,Pistons,DET,Detroit,Michigan,USA
9,0,1960,Detroit,Pistons,DET,Detroit,Michigan,USA
9,0,1961,Detroit,Pistons,DET,Detroit,Michigan,USA
9,0,1962,Detroit,Pistons,DET,Detroit,Michigan,USA
9,0,1963,Detroit,Pistons,DET,Detroit,Michigan,USA
9,0,1964,Detroit,Pistons,DET,Detroit,Michigan,USA
9,0,1965,Detroit,Pistons,DET,Detroit,Michigan,USA
9,0,1966,Detroit,Pistons,DET,Detroit,Michigan,USA
9,0,1967,Detroit,Pistons,DET,Detroit,Michigan,USA
9,0,1968,Detroit,Pistons,DET,Detroit,Michigan,USA
9,0,1969,Detroit,Pistons,DET,Detroit,Michigan,USA
9,0,1970,Detroit,Pistons,DET,Detroit,Michigan,USA
9,0,1971,Detroit,Pistons,DET,Detroit,Michigan,USA
9,0,1972,Detroit,Pistons,DET,Detroit,Michigan,USA
9,0,1973,Detroit,Pistons,DET,Detroit,Michigan,USA
9,0,1974,Detroit,Pistons,DET,Detroit,Michigan,USA
9,0,1975,Detroit,Pistons,DET,Detroit,Michigan,USA
9,0,1976,Detroit,Pistons,DET,Detroit,Michigan,USA
9,0,1977,Detroit,Pistons,DET,Detroit,Michigan,USA
9,0,1978,Detroit,Pistons,DET,Detroit,Michigan,USA
9,0,1979,Detroit,Pistons,DET,Detroit,Michigan,USA
9,0,1980,Detroit,Pistons,DET,Detroit,Michigan,USA
9,0,1981,Detroit,Pistons,DET,Detroit,Michigan,USA
9,0,1982,Detroit,Pistons,DET,Detroit,Michigan,USA
9,0,1983,Detroit,Pistons,DET,Detroit,Michigan,USA
9,0,1984,Detroit,Pistons,DET,Detroit,Michigan,USA
9,0,1985,Detroit,Pistons,DET,Detroit,Michigan,USA
9,0,1986,Detroit,Pistons,DET,Detroit,Michigan,USA
9,0,1987,Detroit,Pistons,DET,Detroit,Michigan,USA
9,0,1988,Detroit,Pistons,DET,Detroit,Michigan,USA
9,0,1989,Detroit,Pistons,DET,Detroit,Michigan,USA
9,0,1990,Detroit,Pistons,DET,Detroit,Michigan,USA
9,0,1991,Detroit,Pistons,DET,Detroit,Michigan,USA
9,0,1992,Detroit,Pistons,DET,Detroit,Michigan,USA
9,0,1993,Detroit,Pistons,DET,Detroit,Michigan,USA
9,0,1994,Detroit,Pistons,DET,Detroit,Michigan,USA
9,0,1995,Detroit,Pistons,DET,Detroit,Michigan,USA
9,0,1996,Detroit,Pistons,DET,Detroit,Michigan,USA
9,0,1997,Detroit,Pistons,DET,Detroit,Michigan,USA
9,0,1998,Detroit,Pistons,DET,Detroit,Michigan,USA
9,0,1999,Detroit,Pistons,DET,Detroit,Michigan,USA
9,0,2000,Detroit,Pistons,DET,Detroit,Michigan,USA
9,0,2001,Detroit,Pistons,DET,Detroit,Michigan,USA
9,0,2002,Detroit,Pistons,DET,Detroit,Michigan,USA
9,0,2003,Detroit,Pistons,DET,Detroit,Michigan,USA
9,0,2004,Detroit,Pistons,DET,Detroit,Michigan,USA
9,0,2005,Detroit,Pistons,DET,Detroit,Michigan,USA
9,0,2006,Detroit,Pistons,DET,Detroit,Michigan,USA
9,0,2007,Detroit,Pistons,DET,Detroit,Michigan,USA
9,0,2008,Detroit,Pistons,DET,Detroit,Michigan,USA
9,0,2009,Detroit,Pistons,DET,Detroit,Michigan,USA
9,0,2010,Detroit,Pistons,DET,Detroit,Michigan,USA
9,0,2011,Detroit,Pistons,DET,Detroit,Michigan,USA
9,0,2012,Detroit,Pistons,DET,Detroit,Michigan,USA
9,0,2013,Detroit,Pistons,DET,Detroit,Michigan,USA
9,0,2014,Detroit,Pistons,DET,Detroit,Michigan,USA
9,0,2015,Detroit,Pistons,DET,Detroit,Michigan,USA
9,0,2016,Detroit,Pistons,DET,Detroit,Michigan,USA
9,0,2017,Detroit,Pistons,DET,Detroit,Michigan,USA
9,0,2018,Detroit,Pistons,DET,Detroit,Michigan,USA
9,0,2019,Detroit,Pistons,DET,Detroit,Michigan,USA
9,0,2020,Detroit,Pistons,DET,Detroit,Michigan,USA
9,2,1948,Fort Wayne,Pistons,FTW,Fort Wayne,Indiana,USA
10,0,1949,Philadelphia,Warriors,PHW,Philadelphia,Pennsylvania,USA
10,0,1950,Philadelphia,Warriors,PHW,Philadelphia,Pennsylvania,USA
10,0,1951,Philadelphia,Warriors,PHW,Philadelphia,Pennsylvania,USA
10,0,1952,Philadelphia,Warriors,PHW,Philadelphia,Pennsylvania,USA
10,0,1953,Philadelphia,Warriors,PHW,Philadelphia,Pennsylvania,USA
10,0,1954,Philadelphia,Warriors,PHW,Philadelphia,Pennsylvania,USA
10,0,1955,Philadelphia,Warriors,PHW,Philadelphia,Pennsylvania,USA
10,0,1956,Philadelphia,Warriors,PHW,Philadelphia,Pennsylvania,USA
10,0,1957,Philadelphia,Warriors,PHW,Philadelphia,Pennsylvania,USA
10,0,1958,Philadelphia,Warriors,PHW,Philadelphia,Pennsylvania,USA
10,0,1959,Philadelphia,Warriors,PHW,Philadelphia,Pennsylvania,USA
10,0,1960,Philadelphia,Warriors,PHW,Philadelphia,Pennsylvania,USA
10,0,1961,Philadelphia,Warriors,PHW,Philadelphia,Pennsylvania,USA
10,0,1962,San Francisco,Warriors,SFW,San Francisco,California,USA
10,0,1963,San Francisco,Warriors,SFW,San Francisco,California,USA
10,0,1964,San Francisco,Warriors,SFW,San Francisco,California,USA
10,0,1965,San Francisco,Warriors,SFW,San Francisco,California,USA
10,0,1966,San Francisco,Warriors,SFW,San Francisco,California,USA
10,0,1967,San Francisco,Warriors,SFW,San Francisco,California,USA
10,0,1968,San Francisco,Warriors,SFW,San Francisco,California,USA
10,0,1969,San Francisco,Warriors,SFW,San Francisco,California,USA
10,0,1970,San Francisco,Warriors,SFW,San Francisco,California,USA
10,0,1971,Golden State,Warriors,GSW,San Francisco,California,USA
10,0,1972,Golden State,Warriors,GSW,San Francisco,California,USA
10,0,1973,Golden State,Warriors,GSW,San Francisco,California,USA
10,0,1974,Golden State,Warriors,GSW,San Francisco,California,USA
10,0,1975,Golden State,Warriors,GSW,San Francisco,California,USA
10,0,1976,Golden State,Warriors,GSW,San Francisco,California,USA
10,0,1977,Golden State,Warriors,GSW,San Francisco,California,USA
10,0,1978,Golden State,Warriors,GSW,San Francisco,California,USA
10,0,1979,Golden State,Warriors,GSW,San Francisco,California,USA
10,0,1980,Golden State,Warriors,GSW,San Francisco,California,USA
10,0,1981,Golden State,Warriors,GSW,San Francisco,California,USA
10,0,1982,Golden State,Warriors,GSW,San Francisco,California,USA
10,0,1983,Golden State,Warriors,GSW,San Francisco,California,USA
10,0,1984,Golden State,Warriors,GSW,San Francisco,California,USA
10,0,1985,Golden State,Warriors,GSW,San Francisco,California,USA
10,0,1986,Golden State,Warriors,GSW,San Francisco,California,USA
10,0,1987,Golden State,Warriors,GSW,San Francisco,California,USA
10,0,1988,Golden State,Warriors,GSW,San Francisco,California,USA
10,0,1989,Golden State,Warriors,GSW,San Francisco,California,USA
10,0,1990,Golden State,Warriors,GSW,San Francisco,California,USA
10,0,1991,Golden State,Warriors,GSW,San Francisco,California,USA
10,0,1992,Golden State,Warriors,GSW,San Francisco,California,USA
10,0,1993,Golden State,Warriors,GSW,San Francisco,California,USA
10,0,1994,Golden State,Warriors,GSW,San Francisco,California,USA
10,0,1995,Golden State,Warriors,GSW,San Francisco,California,USA
10,0,1996,Golden State,Warriors,GSW,San Francisco,California,USA
10,0,1997,Golden State,Warriors,GSW,San Francisco,California,USA
10,0,1998,Golden State,Warriors,GSW,San Francisco,California,USA
10,0,1999,Golden State,Warriors,GSW,San Francisco,California,USA
10,0,2000,Golden State,Warriors,GSW,San Francisco,California,USA
10,0,2001,Golden State,Warriors,GSW,San Francisco,California,USA
10,0,2002,Golden State,Warriors,GSW,San Francisco,California,USA
10,0,2003,Golden State,Warriors,GSW,San Francisco,California,USA
10,0,2004,Golden State,Warriors,GSW,San Francisco,California,USA
10,0,2005,Golden State,Warriors,GSW,San Francisco,California,USA
10,0,2006,Golden State,Warriors,GSW,San Francisco,California,USA
10,0,2007,Golden State,Warriors,GSW,San Francisco,California,USA
10,0,2008,Golden State,Warriors,GSW,San Francisco,California,USA
10,0,2009,Golden State,Warriors,GSW,San Francisco,California,USA
10,0,2010,Golden State,Warriors,GSW,San Francisco,California,USA
10,0,2011,Golden State,Warriors,GSW,San Francisco,California,USA
10,0,2012,Golden State,Warriors,GSW,San Francisco,California,USA
10,0,2013,Golden State,Warriors,GSW,San Francisco,California,USA
10,0,2014,Golden State,Warriors,GSW,San Francisco,California,USA
10,0,2015,Golden State,Warriors,GSW,San Francisco,California,USA
10,0,2016,Golden State,Warriors,GSW,San Francisco,California,USA
10,0,2017,Golden State,Warriors,GSW,San Francisco,California,USA
10,0,2018,Golden State,Warriors,GSW,San Francisco,California,USA
10,0,2019,Golden State,Warriors,GSW,San Francisco,California,USA
10,0,2020,Golden State,Warriors,GSW,San Francisco,California,USA
10,2,1946,Philadelphia,Warriors,PHW,Philadelphia,Pennsylvania,USA
10,2,1947,Philadelphia,Warriors,PHW,Philadelphia,Pennsylvania,USA
10,2,1948,Philadelphia,Warriors,PHW,Philadelphia,Pennsylvania,USA
11,0,1967,San Diego,Rockets,SDR,San Diego,California,USA
11,0,1968,San Diego,Rockets,SDR,San Diego,California,USA
11,0,1969,San Diego,Rockets,SDR,San Diego,California,USA
11,0,1970,San Diego,Rockets,SDR,San Diego,California,USA
11,0,1971,Houston,Rockets,HOU,Houston,Texas,USA
11,0,1972,Houston,Rockets,HOU,Houston,Texas,USA
11,0,1973,Houston,Rockets,HOU,Houston,Texas,USA
11,0,1974,Houston,Rockets,HOU,Houston,Texas,USA
11,0,1975,Houston,Rockets,HOU,Houston,Texas,USA
11,0,1976,Houston,Rockets,HOU,Houston,Texas,USA
11,0,1977,Houston,Rockets,HOU,Houston,Texas,USA
11,0,1978,Houston,Rockets,HOU,Houston,Texas,USA
11,0,1979,Houston,Rockets,HOU,Houston,Texas,USA
11,0,1980,Houston,Rockets,HOU,Houston,Texas,USA
11,0,1981,Houston,Rockets,HOU,Houston,Texas,USA
11,0,1982,Houston,Rockets,HOU,Houston,Texas,USA
11,0,1983,Houston,Rockets,HOU,Houston,Texas,USA
11,0,1984,Houston,Rockets,HOU,Houston,Texas,USA
11,0,1985,Houston,Rockets,HOU,Houston,Texas,USA
11,0,1986,Houston,Rockets,HOU,Houston,Texas,USA
11,0,1987,Houston,Rockets,HOU,Houston,Texas,USA
11,0,1988,Houston,Rockets,HOU,Houston,Texas,USA
11,0,1989,Houston,Rockets,HOU,Houston,Texas,USA
11,0,1990,Houston,Rockets,HOU,Houston,Texas,USA
11,0,1991,Houston,Rockets,HOU,Houston,Texas,USA
11,0,1992,Houston,Rockets,HOU,Houston,Texas,USA
11,0,1993,Houston,Rockets,HOU,Houston,Texas,USA
11,0,1994,Houston,Rockets,HOU,Houston,Texas,USA
11,0,1995,Houston,Rockets,HOU,Houston,Texas,USA
11,0,1996,Houston,Rockets,HOU,Houston,Texas,USA
11,0,1997,Houston,Rockets,HOU,Houston,Texas,USA
11,0,1998,Houston,Rockets,HOU,Houston,Texas,USA
11,0,1999,Houston,Rockets,HOU,Houston,Texas,USA
11,0,2000,Houston,Rockets,HOU,Houston,Texas,USA
11,0,2001,Houston,Rockets,HOU,Houston,Texas,USA
11,0,2002,Houston,Rockets,HOU,Houston,Texas,USA
11,0,2003,Houston,Rockets,HOU,Houston,Texas,USA
11,0,2004,Houston,Rockets,HOU,Houston,Texas,USA
11,0,2005,Houston,Rockets,HOU,Houston,Texas,USA
11,0,2006,Houston,Rockets,HOU,Houston,Texas,USA
11,0,2007,Houston,Rockets,HOU,Houston,Texas,USA
11,0,2008,Houston,Rockets,HOU,Houston,Texas,USA
11,0,2009,Houston,Rockets,HOU,Houston,Texas,USA
11,0,2010,Houston,Rockets,HOU,Houston,Texas,USA
11,0,2011,Houston,Rockets,HOU,Houston,Texas,USA
11,0,2012,Houston,Rockets,HOU,Houston,Texas,USA
11,0,2013,Houston,Rockets,HOU,Houston,Texas,USA
11,0,2014,Houston,Rockets,HOU,Houston,Texas,USA
11,0,2015,Houston,Rockets,HOU,Houston,Texas,USA
11,0,2016,Houston,Rockets,HOU,Houston,Texas,USA
11,0,2017,Houston,Rockets,HOU,Houston,Texas,USA
11,0,2018,Houston,Rockets,HOU,Houston,Texas,USA
11,0,2019,Houston,Rockets,HOU,Houston,Texas,USA
11,0,2020,Houston,Rockets,HOU,Houston,Texas,USA
12,0,1976,Indiana,Pacers,IND,Indianapolis,Indiana,USA
12,0,1977,Indiana,Pacers,IND,Indianapolis,Indiana,USA
12,0,1978,Indiana,Pacers,IND,Indianapolis,Indiana,USA
12,0,1979,Indiana,Pacers,IND,Indianapolis,Indiana,USA
12,0,1980,Indiana,Pacers,IND,Indianapolis,Indiana,USA
12,0,1981,Indiana,Pacers,IND,Indianapolis,Indiana,USA
12,0,1982,Indiana,Pacers,IND,Indianapolis,Indiana,USA
12,0,1983,Indiana,Pacers,IND,Indianapolis,Indiana,USA
12,0,1984,Indiana,Pacers,IND,Indianapolis,Indiana,USA
12,0,1985,Indiana,Pacers,IND,Indianapolis,Indiana,USA
12,0,1986,Indiana,Pacers,IND,Indianapolis,Indiana,USA
12,0,1987,Indiana,Pacers,IND,Indianapolis,Indiana,USA
12,0,1988,Indiana,Pacers,IND,Indianapolis,Indiana,USA
12,0,1989,Indiana,Pacers,IND,Indianapolis,Indiana,USA
12,0,1990,Indiana,Pacers,IND,Indianapolis,Indiana,USA
12,0,1991,Indiana,Pacers,IND,Indianapolis,Indiana,USA
12,0,1992,Indiana,Pacers,IND,Indianapolis,Indiana,USA
12,0,1993,Indiana,Pacers,IND,Indianapolis,Indiana,USA
12,0,1994,Indiana,Pacers,IND,Indianapolis,Indiana,USA
12,0,1995,Indiana,Pacers,IND,Indianapolis,Indiana,USA
12,0,1996,Indiana,Pacers,IND,Indianapolis,Indiana,USA
12,0,1997,Indiana,Pacers,IND,Indianapolis,Indiana,USA
12,0,1998,Indiana,Pacers,IND,Indianapolis,Indiana,USA
12,0,1999,Indiana,Pacers,IND,Indianapolis,Indiana,USA
12,0,2000,Indiana,Pacers,IND,Indianapolis,Indiana,USA
12,0,2001,Indiana,Pacers,IND,Indianapolis,Indiana,USA
12,0,2002,Indiana,Pacers,IND,Indianapolis,Indiana,USA
12,0,2003,Indiana,Pacers,IND,Indianapolis,Indiana,USA
12,0,2004,Indiana,Pacers,IND,Indianapolis,Indiana,USA
12,0,2005,Indiana,Pacers,IND,Indianapolis,Indiana,USA
12,0,2006,Indiana,Pacers,IND,Indianapolis,Indiana,USA
12,0,2007,Indiana,Pacers,IND,Indianapolis,Indiana,USA
12,0,2008,Indiana,Pacers,IND,Indianapolis,Indiana,USA
12,0,2009,Indiana,Pacers,IND,Indianapolis,Indiana,USA
12,0,2010,Indiana,Pacers,IND,Indianapolis,Indiana,USA
12,0,2011,Indiana,Pacers,IND,Indianapolis,Indiana,USA
12,0,2012,Indiana,Pacers,IND,Indianapolis,Indiana,USA
12,0,2013,Indiana,Pacers,IND,Indianapolis,Indiana,USA
12,0,2014,Indiana,Pacers,IND,Indianapolis,Indiana,USA
12,0,2015,Indiana,Pacers,IND,Indianapolis,Indiana,USA
12,0,2016,Indiana,Pacers,IND,Indianapolis,Indiana,USA
12,0,2017,Indiana,Pacers,IND,Indianapolis,Indiana,USA
12,0,2018,Indiana,Pacers,IND,Indianapolis,Indiana,USA
12,0,2019,Indiana,Pacers,IND,Indianapolis,Indiana,USA
12,0,2020,Indiana,Pacers,IND,Indianapolis,Indiana,USA
12,1,1967,Indiana,Pacers,IND,Indianapolis,Indiana,USA
12,1,1968,Indiana,Pacers,IND,Indianapolis,Indiana,USA
12,1,1969,Indiana,Pacers,IND,Indianapolis,Indiana,USA
12,1,1970,Indiana,Pacers,IND,Indianapolis,Indiana,USA
12,1,1971,Indiana,Pacers,IND,Indianapolis,Indiana,USA
12,1,1972,Indiana,Pacers,IND,Indianapolis,Indiana,USA
12,1,1973,Indiana,Pacers,IND,Indianapolis,Indiana,USA
12,1,1974,Indiana,Pacers,IND,Indianapolis,Indiana,USA
12,1,1975,Indiana,Pacers,IND,Indianapolis,Indiana,USA
13,0,1970,Buffalo,Braves,BUF,Buffalo,New York,USA
13,0,1971,Buffalo,Braves,BUF,Buffalo,New York,USA
13,0,1973,Buffalo,Braves,BUF,Buffalo,New York,USA
13,0,1974,Buffalo,Braves,BUF,Buffalo,New York,USA
13,0,1975,Buffalo,Braves,BUF,Buffalo,New York,USA
13,0,1976,Buffalo,Braves,BUF,Buffalo,New York,USA
13,0,1977,Buffalo,Braves,BUF,Buffalo,New York,USA
13,0,1978,San Diego,Clippers,SDC,San Diego,California,USA
13,0,1979,San Diego,Clippers,SDC,San Diego,California,USA
13,0,1980,San Diego,Clippers,SDC,San Diego,California,USA
13,0,1981,San Diego,Clippers,SDC,San Diego,California,USA
13,0,1982,San Diego,Clippers,SDC,San Diego,California,USA
13,0,1983,San Diego,Clippers,SDC,San Diego,California,USA
13,0,1984,Los Angeles,Clippers,LAL,Los Angeles,California,USA
13,0,1985,Los Angeles,Clippers,LAL,Los Angeles,California,USA
13,0,1986,Los Angeles,Clippers,LAL,Los Angeles,California,USA
13,0,1987,Los Angeles,Clippers,LAL,Los Angeles,California,USA
13,0,1988,Los Angeles,Clippers,LAL,Los Angeles,California,USA
13,0,1989,Los Angeles,Clippers,LAL,Los Angeles,California,USA
13,0,1990,Los Angeles,Clippers,LAL,Los Angeles,California,USA
13,0,1991,Los Angeles,Clippers,LAL,Los Angeles,California,USA
13,0,1992,Los Angeles,Clippers,LAL,Los Angeles,California,USA
13,0,1993,Los Angeles,Clippers,LAL,Los Angeles,California,USA
13,0,1994,Los Angeles,Clippers,LAL,Los Angeles,California,USA
13,0,1995,Los Angeles,Clippers,LAL,Los Angeles,California,USA
13,0,1996,Los Angeles,Clippers,LAL,Los Angeles,California,USA
13,0,1997,Los Angeles,Clippers,LAL,Los Angeles,California,USA
13,0,1998,Los Angeles,Clippers,LAL,Los Angeles,California,USA
13,0,1999,Los Angeles,Clippers,LAL,Los Angeles,California,USA
13,0,2000,Los Angeles,Clippers,LAL,Los Angeles,California,USA
13,0,2001,Los Angeles,Clippers,LAL,Los Angeles,California,USA
13,0,2002,Los Angeles,Clippers,LAL,Los Angeles,California,USA
13,0,2003,Los Angeles,Clippers,LAL,Los Angeles,California,USA
13,0,2004,Los Angeles,Clippers,LAL,Los Angeles,California,USA
13,0,2005,Los Angeles,Clippers,LAL,Los Angeles,California,USA
13,0,2006,Los Angeles,Clippers,LAL,Los Angeles,California,USA
13,0,2007,Los Angeles,Clippers,LAL,Los Angeles,California,USA
13,0,2008,Los Angeles,Clippers,LAL,Los Angeles,California,USA
13,0,2009,Los Angeles,Clippers,LAL,Los Angeles,California,USA
13,0,2010,Los Angeles,Clippers,LAL,Los Angeles,California,USA
13,0,2011,Los Angeles,Clippers,LAL,Los Angeles,California,USA
13,0,2012,Los Angeles,Clippers,LAL,Los Angeles,California,USA
13,0,2013,Los Angeles,Clippers,LAL,Los Angeles,California,USA
13,0,2014,Los Angeles,Clippers,LAL,Los Angeles,California,USA
13,0,2015,Los Angeles,Clippers,LAL,Los Angeles,California,USA
13,0,2016,Los Angeles,Clippers,LAL,Los Angeles,California,USA
13,0,2017,Los Angeles,Clippers,LAL,Los Angeles,California,USA
13,0,2018,Los Angeles,Clippers,LAL,Los Angeles,California,USA
13,0,2019,Los Angeles,Clippers,LAL,Los Angeles,California,USA
13,0,2020,Los Angeles,Clippers,LAL,Los Angeles,California,USA
14,0,1949,Minneapolis,Lakers,MPL,Minneapolis,Minnesota,USA
14,0,1950,Minneapolis,Lakers,MPL,Minneapolis,Minnesota,USA
14,0,1951,Minneapolis,Lakers,MPL,Minneapolis,Minnesota,USA
14,0,1952,Minneapolis,Lakers,MPL,Minneapolis,Minnesota,USA
14,0,1953,Minneapolis,Lakers,MPL,Minneapolis,Minnesota,USA
14,0,1954,Minneapolis,Lakers,MPL,Minneapolis,Minnesota,USA
14,0,1955,Minneapolis,Lakers,MPL,Minneapolis,Minnesota,USA
14,0,1956,Minneapolis,Lakers,MPL,Minneapolis,Minnesota,USA
14,0,1957,Minneapolis,Lakers,MPL,Minneapolis,Minnesota,USA
14,0,1958,Minneapolis,Lakers,MPL,Minneapolis,Minnesota,USA
14,0,1959,Minneapolis,Lakers,MPL,Minneapolis,Minnesota,USA
14,0,1960,Los Angeles,Lakers,LAC,Los Angeles,California,USA
14,0,1961,Los Angeles,Lakers,LAC,Los Angeles,California,USA
14,0,1962,Los Angeles,Lakers,LAC,Los Angeles,California,USA
14,0,1963,Los Angeles,Lakers,LAC,Los Angeles,California,USA
14,0,1964,Los Angeles,Lakers,LAC,Los Angeles,California,USA
14,0,1965,Los Angeles,Lakers,LAC,Los Angeles,California,USA
14,0,1966,Los Angeles,Lakers,LAC,Los Angeles,California,USA
14,0,1967,Los Angeles,Lakers,LAC,Los Angeles,California,USA
14,0,1968,Los Angeles,Lakers,LAC,Los Angeles,California,USA
14,0,1969,Los Angeles,Lakers,LAC,Los Angeles,California,USA
14,0,1970,Los Angeles,Lakers,LAC,Los Angeles,California,USA
14,0,1971,Los Angeles,Lakers,LAC,Los Angeles,California,USA
14,0,1972,Los Angeles,Lakers,LAC,Los Angeles,California,USA
14,0,1973,Los Angeles,Lakers,LAC,Los Angeles,California,USA
14,0,1974,Los Angeles,Lakers,LAC,Los Angeles,California,USA
14,0,1975,Los Angeles,Lakers,LAC,Los Angeles,California,USA
14,0,1976,Los Angeles,Lakers,LAC,Los Angeles,California,USA
14,0,1977,Los Angeles,Lakers,LAC,Los Angeles,California,USA
14,0,1978,Los Angeles,Lakers,LAC,Los Angeles,California,USA
14,0,1979,Los Angeles,Lakers,LAC,Los Angeles,California,USA
14,0,1980,Los Angeles,Lakers,LAC,Los Angeles,California,USA
14,0,1981,Los Angeles,Lakers,LAC,Los Angeles,California,USA
14,0,1982,Los Angeles,Lakers,LAC,Los Angeles,California,USA
14,0,1983,Los Angeles,Lakers,LAC,Los Angeles,California,USA
14,0,1984,Los Angeles,Lakers,LAC,Los Angeles,California,USA
14,0,1985,Los Angeles,Lakers,LAC,Los Angeles,California,USA
14,0,1986,Los Angeles,Lakers,LAC,Los Angeles,California,USA
14,0,1987,Los Angeles,Lakers,LAC,Los Angeles,California,USA
14,0,1988,Los Angeles,Lakers,LAC,Los Angeles,California,USA
14,0,1989,Los Angeles,Lakers,LAC,Los Angeles,California,USA
14,0,1990,Los Angeles,Lakers,LAC,Los Angeles,California,USA
14,0,1991,Los Angeles,Lakers,LAC,Los Angeles,California,USA
14,0,1992,Los Angeles,Lakers,LAC,Los Angeles,California,USA
14,0,1993,Los Angeles,Lakers,LAC,Los Angeles,California,USA
14,0,1994,Los Angeles,Lakers,LAC,Los Angeles,California,USA
14,0,1995,Los Angeles,Lakers,LAC,Los Angeles,California,USA
14,0,1996,Los Angeles,Lakers,LAC,Los Angeles,California,USA
14,0,1997,Los Angeles,Lakers,LAC,Los Angeles,California,USA
14,0,1998,Los Angeles,Lakers,LAC,Los Angeles,California,USA
14,0,1999,Los Angeles,Lakers,LAC,Los Angeles,California,USA
14,0,2000,Los Angeles,Lakers,LAC,Los Angeles,California,USA
14,0,2001,Los Angeles,Lakers,LAC,Los Angeles,California,USA
14,0,2002,Los Angeles,Lakers,LAC,Los Angeles,California,USA
14,0,2003,Los Angeles,Lakers,LAC,Los Angeles,California,USA
14,0,2004,Los Angeles,Lakers,LAC,Los Angeles,California,USA
14,0,2005,Los Angeles,Lakers,LAC,Los Angeles,California,USA
14,0,2006,Los Angeles,Lakers,LAC,Los Angeles,California,USA
14,0,2007,Los Angeles,Lakers,LAC,Los Angeles,California,USA
14,0,2008,Los Angeles,Lakers,LAC,Los Angeles,California,USA
14,0,2009,Los Angeles,Lakers,LAC,Los Angeles,California,USA
14,0,2010,Los Angeles,Lakers,LAC,Los Angeles,California,USA
14,0,2011,Los Angeles,Lakers,LAC,Los Angeles,California,USA
14,0,2012,Los Angeles,Lakers,LAC,Los Angeles,California,USA
14,0,2013,Los Angeles,Lakers,LAC,Los Angeles,California,USA
14,0,2014,Los Angeles,Lakers,LAC,Los Angeles,California,USA
14,0,2015,Los Angeles,Lakers,LAC,Los Angeles,California,USA
14,0,2016,Los Angeles,Lakers,LAC,Los Angeles,California,USA
14,0,2017,Los Angeles,Lakers,LAC,Los Angeles,California,USA
14,0,2018,Los Angeles,Lakers,LAC,Los Angeles,California,USA
14,0,2019,Los Angeles,Lakers,LAC,Los Angeles,California,USA
14,0,2020,Los Angeles,Lakers,LAC,Los Angeles,California,USA
14,2,1948,Minneapolis,Lakers,MPL,Minneapolis,Minnesota,USA
15,0,1995,Vancouver,Grizzlies,VAN,Vancouver,British Columbia,Canada
15,0,1996,Vancouver,Grizzlies,VAN,Vancouver,British Columbia,Canada
15,0,1997,Vancouver,Grizzlies,VAN,Vancouver,British Columbia,Canada
15,0,1998,Vancouver,Grizzlies,VAN,Vancouver,British Columbia,Canada
15,0,1999,Vancouver,Grizzlies,VAN,Vancouver,British Columbia,Canada
15,0,2000,Vancouver,Grizzlies,VAN,Vancouver,British Columbia,Canada
15,0,2001,Memphis,Grizzlies,MEM,Memphis,Tennessee,USA
15,0,2002,Memphis,Grizzlies,MEM,Memphis,Tennessee,USA
15,0,2003,Memphis,Grizzlies,MEM,Memphis,Tennessee,USA
15,0,2004,Memphis,Grizzlies,MEM,Memphis,Tennessee,USA
15,0,2005,Memphis,Grizzlies,MEM,Memphis,Tennessee,USA
15,0,2006,Memphis,Grizzlies,MEM,Memphis,Tennessee,USA
15,0,2007,Memphis,Grizzlies,MEM,Memphis,Tennessee,USA
15,0,2008,Memphis,Grizzlies,MEM,Memphis,Tennessee,USA
15,0,2009,Memphis,Grizzlies,MEM,Memphis,Tennessee,USA
15,0,2010,Memphis,Grizzlies,MEM,Memphis,Tennessee,USA
15,0,2011,Memphis,Grizzlies,MEM,Memphis,Tennessee,USA
15,0,2012,Memphis,Grizzlies,MEM,Memphis,Tennessee,USA
15,0,2013,Memphis,Grizzlies,MEM,Memphis,Tennessee,USA
15,0,2014,Memphis,Grizzlies,MEM,Memphis,Tennessee,USA
15,0,2015,Memphis,Grizzlies,MEM,Memphis,Tennessee,USA
15,0,2016,Memphis,Grizzlies,MEM,Memphis,Tennessee,USA
15,0,2017,Memphis,Grizzlies,MEM,Memphis,Tennessee,USA
15,0,2018,Memphis,Grizzlies,MEM,Memphis,Tennessee,USA
15,0,2019,Memphis,Grizzlies,MEM,Memphis,Tennessee,USA
15,0,2020,Memphis,Grizzlies,MEM,Memphis,Tennessee,USA
16,0,1988,Miami,Heat,MIA,Miami,Florida,USA
16,0,1989,Miami,Heat,MIA,Miami,Florida,USA
16,0,1990,Miami,Heat,MIA,Miami,Florida,USA
16,0,1991,Miami,Heat,MIA,Miami,Florida,USA
16,0,1992,Miami,Heat,MIA,Miami,Florida,USA
16,0,1993,Miami,Heat,MIA,Miami,Florida,USA
16,0,1994,Miami,Heat,MIA,Miami,Florida,USA
16,0,1995,Miami,Heat,MIA,Miami,Florida,USA
16,0,1996,Miami,Heat,MIA,Miami,Florida,USA
16,0,1997,Miami,Heat,MIA,Miami,Florida,USA
16,0,1998,Miami,Heat,MIA,Miami,Florida,USA
16,0,1999,Miami,Heat,MIA,Miami,Florida,USA
16,0,2000,Miami,Heat,MIA,Miami,Florida,USA
16,0,2001,Miami,Heat,MIA,Miami,Florida,USA
16,0,2002,Miami,Heat,MIA,Miami,Florida,USA
16,0,2003,Miami,Heat,MIA,Miami,Florida,USA
16,0,2004,Miami,Heat,MIA,Miami,Florida,USA
16,0,2005,Miami,Heat,MIA,Miami,Florida,USA
16,0,2006,Miami,Heat,MIA,Miami,Florida,USA
16,0,2007,Miami,Heat,MIA,Miami,Florida,USA
16,0,2008,Miami,Heat,MIA,Miami,Florida,USA
16,0,2009,Miami,Heat,MIA,Miami,Florida,USA
16,0,2010,Miami,Heat,MIA,Miami,Florida,USA
16,0,2011,Miami,Heat,MIA,Miami,Florida,USA
16,0,2012,Miami,Heat,MIA,Miami,Florida,USA
16,0,2013,Miami,Heat,MIA,Miami,Florida,USA
16,0,2014,Miami,Heat,MIA,Miami,Florida,USA
16,0,2015,Miami,Heat,MIA,Miami,Florida,USA
16,0,2016,Miami,Heat,MIA,Miami,Florida,USA
16,0,2017,Miami,Heat,MIA,Miami,Florida,USA
16,0,2018,Miami,Heat,MIA,Miami,Florida,USA
16,0,2019,Miami,Heat,MIA,Miami,Florida,USA
16,0,2020,Miami,Heat,MIA,Miami,Florida,USA
17,0,1968,Milwaukee,Bucks,MIL,Milwaukee,Wisconsin,USA
17,0,1969,Milwaukee,Bucks,MIL,Milwaukee,Wisconsin,USA
17,0,1970,Milwaukee,Bucks,MIL,Milwaukee,Wisconsin,USA
17,0,1971,Milwaukee,Bucks,MIL,Milwaukee,Wisconsin,USA
17,0,1972,Milwaukee,Bucks,MIL,Milwaukee,Wisconsin,USA
17,0,1973,Milwaukee,Bucks,MIL,Milwaukee,Wisconsin,USA
17,0,1974,Milwaukee,Bucks,MIL,Milwaukee,Wisconsin,USA
17,0,1975,Milwaukee,Bucks,MIL,Milwaukee,Wisconsin,USA
17,0,1976,Milwaukee,Bucks,MIL,Milwaukee,Wisconsin,USA
17,0,1977,Milwaukee,Bucks,MIL,Milwaukee,Wisconsin,USA
17,0,1978,Milwaukee,Bucks,MIL,Milwaukee,Wisconsin,USA
17,0,1979,Milwaukee,Bucks,MIL,Milwaukee,Wisconsin,USA
17,0,1980,Milwaukee,Bucks,MIL,Milwaukee,Wisconsin,USA
17,0,1981,Milwaukee,Bucks,MIL,Milwaukee,Wisconsin,USA
17,0,1982,Milwaukee,Bucks,MIL,Milwaukee,Wisconsin,USA
17,0,1983,Milwaukee,Bucks,MIL,Milwaukee,Wisconsin,USA
17,0,1984,Milwaukee,Bucks,MIL,Milwaukee,Wisconsin,USA
17,0,1985,Milwaukee,Bucks,MIL,Milwaukee,Wisconsin,USA
17,0,1986,Milwaukee,Bucks,MIL,Milwaukee,Wisconsin,USA
17,0,1987,Milwaukee,Bucks,MIL,Milwaukee,Wisconsin,USA
17,0,1988,Milwaukee,Bucks,MIL,Milwaukee,Wisconsin,USA
17,0,1989,Milwaukee,Bucks,MIL,Milwaukee,Wisconsin,USA
17,0,1990,Milwaukee,Bucks,MIL,Milwaukee,Wisconsin,USA
17,0,1991,Milwaukee,Bucks,MIL,Milwaukee,Wisconsin,USA
17,0,1992,Milwaukee,Bucks,MIL,Milwaukee,Wisconsin,USA
17,0,1993,Milwaukee,Bucks,MIL,Milwaukee,Wisconsin,USA
17,0,1994,Milwaukee,Bucks,MIL,Milwaukee,Wisconsin,USA
17,0,1995,Milwaukee,Bucks,MIL,Milwaukee,Wisconsin,USA
17,0,1996,Milwaukee,Bucks,MIL,Milwaukee,Wisconsin,USA
17,0,1997,Milwaukee,Bucks,MIL,Milwaukee,Wisconsin,USA
17,0,1998,Milwaukee,Bucks,MIL,Milwaukee,Wisconsin,USA
17,0,1999,Milwaukee,Bucks,MIL,Milwaukee,Wisconsin,USA
17,0,2000,Milwaukee,Bucks,MIL,Milwaukee,Wisconsin,USA
17,0,2001,Milwaukee,Bucks,MIL,Milwaukee,Wisconsin,USA
17,0,2002,Milwaukee,Bucks,MIL,Milwaukee,Wisconsin,USA
17,0,2003,Milwaukee,Bucks,MIL,Milwaukee,Wisconsin,USA
17,0,2004,Milwaukee,Bucks,MIL,Milwaukee,Wisconsin,USA
17,0,2005,Milwaukee,Bucks,MIL,Milwaukee,Wisconsin,USA
17,0,2006,Milwaukee,Bucks,MIL,Milwaukee,Wisconsin,USA
17,0,2007,Milwaukee,Bucks,MIL,Milwaukee,Wisconsin,USA
17,0,2008,Milwaukee,Bucks,MIL,Milwaukee,Wisconsin,USA
17,0,2009,Milwaukee,Bucks,MIL,Milwaukee,Wisconsin,USA
17,0,2010,Milwaukee,Bucks,MIL,Milwaukee,Wisconsin,USA
17,0,2011,Milwaukee,Bucks,MIL,Milwaukee,Wisconsin,USA
17,0,2012,Milwaukee,Bucks,MIL,Milwaukee,Wisconsin,USA
17,0,2013,Milwaukee,Bucks,MIL,Milwaukee,Wisconsin,USA
17,0,2014,Milwaukee,Bucks,MIL,Milwaukee,Wisconsin,USA
17,0,2015,Milwaukee,Bucks,MIL,Milwaukee,Wisconsin,USA
17,0,2016,Milwaukee,Bucks,MIL,Milwaukee,Wisconsin,USA
17,0,2017,Milwaukee,Bucks,MIL,Milwaukee,Wisconsin,USA
17,0,2018,Milwaukee,Bucks,MIL,Milwaukee,Wisconsin,USA
17,0,2019,Milwaukee,Bucks,MIL,Milwaukee,Wisconsin,USA
17,0,2020,Milwaukee,Bucks,MIL,Milwaukee,Wisconsin,USA
18,0,1989,Minnesota,Timberwolves,MIN,Minneapolis,Minnesota,USA
18,0,1990,Minnesota,Timberwolves,MIN,Minneapolis,Minnesota,USA
18,0,1991,Minnesota,Timberwolves,MIN,Minneapolis,Minnesota,USA
18,0,1992,Minnesota,Timberwolves,MIN,Minneapolis,Minnesota,USA
18,0,1993,Minnesota,Timberwolves,MIN,Minneapolis,Minnesota,USA
18,0,1994,Minnesota,Timberwolves,MIN,Minneapolis,Minnesota,USA
18,0,1995,Minnesota,Timberwolves,MIN,Minneapolis,Minnesota,USA
18,0,1996,Minnesota,Timberwolves,MIN,Minneapolis,Minnesota,USA
18,0,1997,Minnesota,Timberwolves,MIN,Minneapolis,Minnesota,USA
18,0,1998,Minnesota,Timberwolves,MIN,Minneapolis,Minnesota,USA
18,0,1999,Minnesota,Timberwolves,MIN,Minneapolis,Minnesota,USA
18,0,2000,Minnesota,Timberwolves,MIN,Minneapolis,Minnesota,USA
18,0,2001,Minnesota,Timberwolves,MIN,Minneapolis,Minnesota,USA
18,0,2002,Minnesota,Timberwolves,MIN,Minneapolis,Minnesota,USA
18,0,2003,Minnesota,Timberwolves,MIN,Minneapolis,Minnesota,USA
18,0,2004,Minnesota,Timberwolves,MIN,Minneapolis,Minnesota,USA
18,0,2005,Minnesota,Timberwolves,MIN,Minneapolis,Minnesota,USA
18,0,2006,Minnesota,Timberwolves,MIN,Minneapolis,Minnesota,USA
18,0,2007,Minnesota,Timberwolves,MIN,Minneapolis,Minnesota,USA
18,0,2008,Minnesota,Timberwolves,MIN,Minneapolis,Minnesota,USA
18,0,2009,Minnesota,Timberwolves,MIN,Minneapolis,Minnesota,USA
18,0,2010,Minnesota,Timberwolves,MIN,Minneapolis,Minnesota,USA
18,0,2011,Minnesota,Timberwolves,MIN,Minneapolis,Minnesota,USA
18,0,2012,Minnesota,Timberwolves,MIN,Minneapolis,Minnesota,USA
18,0,2013,Minnesota,Timberwolves,MIN,Minneapolis,Minnesota,USA
18,0,2014,Minnesota,Timberwolves,MIN,Minneapolis,Minnesota,USA
18,0,2015,Minnesota,Timberwolves,MIN,Minneapolis,Minnesota,USA
18,0,2016,Minnesota,Timberwolves,MIN,Minneapolis,Minnesota,USA
18,0,2017,Minnesota,Timberwolves,MIN,Minneapolis,Minnesota,USA
18,0,2018,Minnesota,Timberwolves,MIN,Minneapolis,Minnesota,USA
18,0,2019,Minnesota,Timberwolves,MIN,Minneapolis,Minnesota,USA
18,0,2020,Minnesota,Timberwolves,MIN,Minneapolis,Minnesota,USA
19,0,2002,New Orleans,Hornets,NOH,New Orleans,Louisiana,USA
19,0,2003,New Orleans,Hornets,NOH,New Orleans,Louisiana,USA
19,0,2004,New Orleans,Hornets,NOH,New Orleans,Louisiana,USA
19,0,2005,New Orleans,Hornets,NOH,New Orleans,Louisiana,USA
19,0,2006,New Orleans,Hornets,NOH,New Orleans,Louisiana,USA
19,0,2007,New Orleans,Hornets,NOH,New Orleans,Louisiana,USA
19,0,2008,New Orleans,Hornets,NOH,New Orleans,Louisiana,USA
19,0,2009,New Orleans,Hornets,NOH,New Orleans,Louisiana,USA
19,0,2010,New Orleans,Hornets,NOH,New Orleans,Louisiana,USA
19,0,2011,New Orleans,Hornets,NOH,New Orleans,Louisiana,USA
19,0,2012,New Orleans,Hornets,NOH,New Orleans,Louisiana,USA
19,0,2013,New Orleans,Pelicans ,NOP,New Orleans,Louisiana,USA
19,0,2014,New Orleans,Pelicans ,NOP,New Orleans,Louisiana,USA
19,0,2015,New Orleans,Pelicans ,NOP,New Orleans,Louisiana,USA
19,0,2016,New Orleans,Pelicans ,NOP,New Orleans,Louisiana,USA
19,0,2017,New Orleans,Pelicans ,NOP,New Orleans,Louisiana,USA
19,0,2018,New Orleans,Pelicans ,NOP,New Orleans,Louisiana,USA
19,0,2019,New Orleans,Pelicans ,NOP,New Orleans,Louisiana,USA
19,0,2020,New Orleans,Pelicans ,NOP,New Orleans,Louisiana,USA
20,0,1949,New York,Knicks,NYK,New York,New York,USA
20,0,1950,New York,Knicks,NYK,New York,New York,USA
20,0,1951,New York,Knicks,NYK,New York,New York,USA
20,0,1952,New York,Knicks,NYK,New York,New York,USA
20,0,1953,New York,Knicks,NYK,New York,New York,USA
20,0,1954,New York,Knicks,NYK,New York,New York,USA
20,0,1955,New York,Knicks,NYK,New York,New York,USA
20,0,1956,New York,Knicks,NYK,New York,New York,USA
20,0,1957,New York,Knicks,NYK,New York,New York,USA
20,0,1958,New York,Knicks,NYK,New York,New York,USA
20,0,1959,New York,Knicks,NYK,New York,New York,USA
20,0,1960,New York,Knicks,NYK,New York,New York,USA
20,0,1961,New York,Knicks,NYK,New York,New York,USA
20,0,1962,New York,Knicks,NYK,New York,New York,USA
20,0,1963,New York,Knicks,NYK,New York,New York,USA
20,0,1964,New York,Knicks,NYK,New York,New York,USA
20,0,1965,New York,Knicks,NYK,New York,New York,USA
20,0,1966,New York,Knicks,NYK,New York,New York,USA
20,0,1967,New York,Knicks,NYK,New York,New York,USA
20,0,1968,New York,Knicks,NYK,New York,New York,USA
20,0,1969,New York,Knicks,NYK,New York,New York,USA
20,0,1970,New York,Knicks,NYK,New York,New York,USA
20,0,1971,New York,Knicks,NYK,New York,New York,USA
20,0,1972,New York,Knicks,NYK,New York,New York,USA
20,0,1973,New York,Knicks,NYK,New York,New York,USA
20,0,1974,New York,Knicks,NYK,New York,New York,USA
20,0,1975,New York,Knicks,NYK,New York,New York,USA
20,0,1976,New York,Knicks,NYK,New York,New York,USA
20,0,1977,New York,Knicks,NYK,New York,New York,USA
20,0,1978,New York,Knicks,NYK,New York,New York,USA
20,0,1979,New York,Knicks,NYK,New York,New York,USA
20,0,1980,New York,Knicks,NYK,New York,New York,USA
20,0,1981,New York,Knicks,NYK,New York,New York,USA
20,0,1982,New York,Knicks,NYK,New York,New York,USA
20,0,1983,New York,Knicks,NYK,New York,New York,USA
20,0,1984,New York,Knicks,NYK,New York,New York,USA
20,0,1985,New York,Knicks,NYK,New York,New York,USA
20,0,1986,New York,Knicks,NYK,New York,New York,USA
20,0,1987,New York,Knicks,NYK,New York,New York,USA
20,0,1988,New York,Knicks,NYK,New York,New York,USA
20,0,1989,New York,Knicks,NYK,New York,New York,USA
20,0,1990,New York,Knicks,NYK,New York,New York,USA
20,0,1991,New York,Knicks,NYK,New York,New York,USA
20,0,1992,New York,Knicks,NYK,New York,New York,USA
20,0,1993,New York,Knicks,NYK,New York,New York,USA
20,0,1994,New York,Knicks,NYK,New York,New York,USA
20,0,1995,New York,Knicks,NYK,New York,New York,USA
20,0,1996,New York,Knicks,NYK,New York,New York,USA
20,0,1997,New York,Knicks,NYK,New York,New York,USA
20,0,1998,New York,Knicks,NYK,New York,New York,USA
20,0,1999,New York,Knicks,NYK,New York,New York,USA
20,0,2000,New York,Knicks,NYK,New York,New York,USA
20,0,2001,New York,Knicks,NYK,New York,New York,USA
20,0,2002,New York,Knicks,NYK,New York,New York,USA
20,0,2003,New York,Knicks,NYK,New York,New York,USA
20,0,2004,New York,Knicks,NYK,New York,New York,USA
20,0,2005,New York,Knicks,NYK,New York,New York,USA
20,0,2006,New York,Knicks,NYK,New York,New York,USA
20,0,2007,New York,Knicks,NYK,New York,New York,USA
20,0,2008,New York,Knicks,NYK,New York,New York,USA
20,0,2009,New York,Knicks,NYK,New York,New York,USA
20,0,2010,New York,Knicks,NYK,New York,New York,USA
20,0,2011,New York,Knicks,NYK,New York,New York,USA
20,0,2012,New York,Knicks,NYK,New York,New York,USA
20,0,2013,New York,Knicks,NYK,New York,New York,USA
20,0,2014,New York,Knicks,NYK,New York,New York,USA
20,0,2015,New York,Knicks,NYK,New York,New York,USA
20,0,2016,New York,Knicks,NYK,New York,New York,USA
20,0,2017,New York,Knicks,NYK,New York,New York,USA
20,0,2018,New York,Knicks,NYK,New York,New York,USA
20,0,2019,New York,Knicks,NYK,New York,New York,USA
20,0,2020,New York,Knicks,NYK,New York,New York,USA
20,2,1946,New York,Knicks,NYK,New York,New York,USA
20,2,1947,New York,Knicks,NYK,New York,New York,USA
20,2,1948,New York,Knicks,NYK,New York,New York,USA
21,0,1967,Seattle,SuperSonics,SEA,Seattle,Washington,USA
21,0,1968,Seattle,SuperSonics,SEA,Seattle,Washington,USA
21,0,1969,Seattle,SuperSonics,SEA,Seattle,Washington,USA
21,0,1970,Seattle,SuperSonics,SEA,Seattle,Washington,USA
21,0,1971,Seattle,SuperSonics,SEA,Seattle,Washington,USA
21,0,1972,Seattle,SuperSonics,SEA,Seattle,Washington,USA
21,0,1973,Seattle,SuperSonics,SEA,Seattle,Washington,USA
21,0,1974,Seattle,SuperSonics,SEA,Seattle,Washington,USA
21,0,1975,Seattle,SuperSonics,SEA,Seattle,Washington,USA
21,0,1976,Seattle,SuperSonics,SEA,Seattle,Washington,USA
21,0,1977,Seattle,SuperSonics,SEA,Seattle,Washington,USA
21,0,1978,Seattle,SuperSonics,SEA,Seattle,Washington,USA
21,0,1979,Seattle,SuperSonics,SEA,Seattle,Washington,USA
21,0,1980,Seattle,SuperSonics,SEA,Seattle,Washington,USA
21,0,1981,Seattle,SuperSonics,SEA,Seattle,Washington,USA
21,0,1982,Seattle,SuperSonics,SEA,Seattle,Washington,USA
21,0,1983,Seattle,SuperSonics,SEA,Seattle,Washington,USA
21,0,1984,Seattle,SuperSonics,SEA,Seattle,Washington,USA
21,0,1985,Seattle,SuperSonics,SEA,Seattle,Washington,USA
21,0,1986,Seattle,SuperSonics,SEA,Seattle,Washington,USA
21,0,1987,Seattle,SuperSonics,SEA,Seattle,Washington,USA
21,0,1988,Seattle,SuperSonics,SEA,Seattle,Washington,USA
21,0,1989,Seattle,SuperSonics,SEA,Seattle,Washington,USA
21,0,1990,Seattle,SuperSonics,SEA,Seattle,Washington,USA
21,0,1991,Seattle,SuperSonics,SEA,Seattle,Washington,USA
21,0,1992,Seattle,SuperSonics,SEA,Seattle,Washington,USA
21,0,1993,Seattle,SuperSonics,SEA,Seattle,Washington,USA
21,0,1994,Seattle,SuperSonics,SEA,Seattle,Washington,USA
21,0,1995,Seattle,SuperSonics,SEA,Seattle,Washington,USA
21,0,1996,Seattle,SuperSonics,SEA,Seattle,Washington,USA
21,0,1997,Seattle,SuperSonics,SEA,Seattle,Washington,USA
21,0,1998,Seattle,SuperSonics,SEA,Seattle,Washington,USA
21,0,1999,Seattle,SuperSonics,SEA,Seattle,Washington,USA
21,0,2000,Seattle,SuperSonics,SEA,Seattle,Washington,USA
21,0,2001,Seattle,SuperSonics,SEA,Seattle,Washington,USA
21,0,2002,Seattle,SuperSonics,SEA,Seattle,Washington,USA
21,0,2003,Seattle,SuperSonics,SEA,Seattle,Washington,USA
21,0,2004,Seattle,SuperSonics,SEA,Seattle,Washington,USA
21,0,2005,Seattle,SuperSonics,SEA,Seattle,Washington,USA
21,0,2006,Seattle,SuperSonics,SEA,Seattle,Washington,USA
21,0,2007,Seattle,SuperSonics,SEA,Seattle,Washington,USA
21,0,2008,Oklahoma City,Thunder,OKC,Oklahoma City,Oklahoma,USA
21,0,2009,Oklahoma City,Thunder,OKC,Oklahoma City,Oklahoma,USA
21,0,2010,Oklahoma City,Thunder,OKC,Oklahoma City,Oklahoma,USA
21,0,2011,Oklahoma City,Thunder,OKC,Oklahoma City,Oklahoma,USA
21,0,2012,Oklahoma City,Thunder,OKC,Oklahoma City,Oklahoma,USA
21,0,2013,Oklahoma City,Thunder,OKC,Oklahoma City,Oklahoma,USA
21,0,2014,Oklahoma City,Thunder,OKC,Oklahoma City,Oklahoma,USA
21,0,2015,Oklahoma City,Thunder,OKC,Oklahoma City,Oklahoma,USA
21,0,2016,Oklahoma City,Thunder,OKC,Oklahoma City,Oklahoma,USA
21,0,2017,Oklahoma City,Thunder,OKC,Oklahoma City,Oklahoma,USA
21,0,2018,Oklahoma City,Thunder,OKC,Oklahoma City,Oklahoma,USA
21,0,2019,Oklahoma City,Thunder,OKC,Oklahoma City,Oklahoma,USA
21,0,2020,Oklahoma City,Thunder,OKC,Oklahoma City,Oklahoma,USA
22,0,1989,Orlando,Magic,ORL,Orlando,Florida,USA
22,0,1990,Orlando,Magic,ORL,Orlando,Florida,USA
22,0,1991,Orlando,Magic,ORL,Orlando,Florida,USA
22,0,1992,Orlando,Magic,ORL,Orlando,Florida,USA
22,0,1993,Orlando,Magic,ORL,Orlando,Florida,USA
22,0,1994,Orlando,Magic,ORL,Orlando,Florida,USA
22,0,1995,Orlando,Magic,ORL,Orlando,Florida,USA
22,0,1996,Orlando,Magic,ORL,Orlando,Florida,USA
22,0,1997,Orlando,Magic,ORL,Orlando,Florida,USA
22,0,1998,Orlando,Magic,ORL,Orlando,Florida,USA
22,0,1999,Orlando,Magic,ORL,Orlando,Florida,USA
22,0,2000,Orlando,Magic,ORL,Orlando,Florida,USA
22,0,2001,Orlando,Magic,ORL,Orlando,Florida,USA
22,0,2002,Orlando,Magic,ORL,Orlando,Florida,USA
22,0,2003,Orlando,Magic,ORL,Orlando,Florida,USA
22,0,2004,Orlando,Magic,ORL,Orlando,Florida,USA
22,0,2005,Orlando,Magic,ORL,Orlando,Florida,USA
22,0,2006,Orlando,Magic,ORL,Orlando,Florida,USA
22,0,2007,Orlando,Magic,ORL,Orlando,Florida,USA
22,0,2008,Orlando,Magic,ORL,Orlando,Florida,USA
22,0,2009,Orlando,Magic,ORL,Orlando,Florida,USA
22,0,2010,Orlando,Magic,ORL,Orlando,Florida,USA
22,0,2011,Orlando,Magic,ORL,Orlando,Florida,USA
22,0,2012,Orlando,Magic,ORL,Orlando,Florida,USA
22,0,2013,Orlando,Magic,ORL,Orlando,Florida,USA
22,0,2014,Orlando,Magic,ORL,Orlando,Florida,USA
22,0,2015,Orlando,Magic,ORL,Orlando,Florida,USA
22,0,2016,Orlando,Magic,ORL,Orlando,Florida,USA
22,0,2017,Orlando,Magic,ORL,Orlando,Florida,USA
22,0,2018,Orlando,Magic,ORL,Orlando,Florida,USA
22,0,2019,Orlando,Magic,ORL,Orlando,Florida,USA
22,0,2020,Orlando,Magic,ORL,Orlando,Florida,USA
23,0,1949,Syracuse,Nationals,SYR,Syracause,New York,USA
23,0,1950,Syracuse,Nationals,SYR,Syracause,New York,USA
23,0,1951,Syracuse,Nationals,SYR,Syracause,New York,USA
23,0,1952,Syracuse,Nationals,SYR,Syracause,New York,USA
23,0,1953,Syracuse,Nationals,SYR,Syracause,New York,USA
23,0,1954,Syracuse,Nationals,SYR,Syracause,New York,USA
23,0,1955,Syracuse,Nationals,SYR,Syracause,New York,USA
23,0,1956,Syracuse,Nationals,SYR,Syracause,New York,USA
23,0,1957,Syracuse,Nationals,SYR,Syracause,New York,USA
23,0,1958,Syracuse,Nationals,SYR,Syracause,New York,USA
23,0,1959,Syracuse,Nationals,SYR,Syracause,New York,USA
23,0,1960,Syracuse,Nationals,SYR,Syracause,New York,USA
23,0,1961,Syracuse,Nationals,SYR,Syracause,New York,USA
23,0,1962,Syracuse,Nationals,SYR,Syracause,New York,USA
23,0,1963,Philadelphia,76ers,PHI,Philadelphia,Pennsylvania,USA
23,0,1964,Philadelphia,76ers,PHI,Philadelphia,Pennsylvania,USA
23,0,1965,Philadelphia,76ers,PHI,Philadelphia,Pennsylvania,USA
23,0,1966,Philadelphia,76ers,PHI,Philadelphia,Pennsylvania,USA
23,0,1967,Philadelphia,76ers,PHI,Philadelphia,Pennsylvania,USA
23,0,1968,Philadelphia,76ers,PHI,Philadelphia,Pennsylvania,USA
23,0,1969,Philadelphia,76ers,PHI,Philadelphia,Pennsylvania,USA
23,0,1970,Philadelphia,76ers,PHI,Philadelphia,Pennsylvania,USA
23,0,1971,Philadelphia,76ers,PHI,Philadelphia,Pennsylvania,USA
23,0,1972,Philadelphia,76ers,PHI,Philadelphia,Pennsylvania,USA
23,0,1973,Philadelphia,76ers,PHI,Philadelphia,Pennsylvania,USA
23,0,1974,Philadelphia,76ers,PHI,Philadelphia,Pennsylvania,USA
23,0,1975,Philadelphia,76ers,PHI,Philadelphia,Pennsylvania,USA
23,0,1976,Philadelphia,76ers,PHI,Philadelphia,Pennsylvania,USA
23,0,1977,Philadelphia,76ers,PHI,Philadelphia,Pennsylvania,USA
23,0,1978,Philadelphia,76ers,PHI,Philadelphia,Pennsylvania,USA
23,0,1979,Philadelphia,76ers,PHI,Philadelphia,Pennsylvania,USA
23,0,1980,Philadelphia,76ers,PHI,Philadelphia,Pennsylvania,USA
23,0,1981,Philadelphia,76ers,PHI,Philadelphia,Pennsylvania,USA
23,0,1982,Philadelphia,76ers,PHI,Philadelphia,Pennsylvania,USA
23,0,1983,Philadelphia,76ers,PHI,Philadelphia,Pennsylvania,USA
23,0,1984,Philadelphia,76ers,PHI,Philadelphia,Pennsylvania,USA
23,0,1985,Philadelphia,76ers,PHI,Philadelphia,Pennsylvania,USA
23,0,1986,Philadelphia,76ers,PHI,Philadelphia,Pennsylvania,USA
23,0,1987,Philadelphia,76ers,PHI,Philadelphia,Pennsylvania,USA
23,0,1988,Philadelphia,76ers,PHI,Philadelphia,Pennsylvania,USA
23,0,1989,Philadelphia,76ers,PHI,Philadelphia,Pennsylvania,USA
23,0,1990,Philadelphia,76ers,PHI,Philadelphia,Pennsylvania,USA
23,0,1991,Philadelphia,76ers,PHI,Philadelphia,Pennsylvania,USA
23,0,1992,Philadelphia,76ers,PHI,Philadelphia,Pennsylvania,USA
23,0,1993,Philadelphia,76ers,PHI,Philadelphia,Pennsylvania,USA
23,0,1994,Philadelphia,76ers,PHI,Philadelphia,Pennsylvania,USA
23,0,1995,Philadelphia,76ers,PHI,Philadelphia,Pennsylvania,USA
23,0,1996,Philadelphia,76ers,PHI,Philadelphia,Pennsylvania,USA
23,0,1997,Philadelphia,76ers,PHI,Philadelphia,Pennsylvania,USA
23,0,1998,Philadelphia,76ers,PHI,Philadelphia,Pennsylvania,USA
23,0,1999,Philadelphia,76ers,PHI,Philadelphia,Pennsylvania,USA
23,0,2000,Philadelphia,76ers,PHI,Philadelphia,Pennsylvania,USA
23,0,2001,Philadelphia,76ers,PHI,Philadelphia,Pennsylvania,USA
23,0,2002,Philadelphia,76ers,PHI,Philadelphia,Pennsylvania,USA
23,0,2003,Philadelphia,76ers,PHI,Philadelphia,Pennsylvania,USA
23,0,2004,Philadelphia,76ers,PHI,Philadelphia,Pennsylvania,USA
23,0,2005,Philadelphia,76ers,PHI,Philadelphia,Pennsylvania,USA
23,0,2006,Philadelphia,76ers,PHI,Philadelphia,Pennsylvania,USA
23,0,2007,Philadelphia,76ers,PHI,Philadelphia,Pennsylvania,USA
23,0,2008,Philadelphia,76ers,PHI,Philadelphia,Pennsylvania,USA
23,0,2009,Philadelphia,76ers,PHI,Philadelphia,Pennsylvania,USA
23,0,2010,Philadelphia,76ers,PHI,Philadelphia,Pennsylvania,USA
23,0,2011,Philadelphia,76ers,PHI,Philadelphia,Pennsylvania,USA
23,0,2012,Philadelphia,76ers,PHI,Philadelphia,Pennsylvania,USA
23,0,2013,Philadelphia,76ers,PHI,Philadelphia,Pennsylvania,USA
23,0,2014,Philadelphia,76ers,PHI,Philadelphia,Pennsylvania,USA
23,0,2015,Philadelphia,76ers,PHI,Philadelphia,Pennsylvania,USA
23,0,2016,Philadelphia,76ers,PHI,Philadelphia,Pennsylvania,USA
23,0,2017,Philadelphia,76ers,PHI,Philadelphia,Pennsylvania,USA
23,0,2018,Philadelphia,76ers,PHI,Philadelphia,Pennsylvania,USA
23,0,2019,Philadelphia,76ers,PHI,Philadelphia,Pennsylvania,USA
23,0,2020,Philadelphia,76ers,PHI,Philadelphia,Pennsylvania,USA
24,0,1968,Phoenix,Suns,PHX,Phoenix,Arizona,USA
24,0,1969,Phoenix,Suns,PHX,Phoenix,Arizona,USA
24,0,1970,Phoenix,Suns,PHX,Phoenix,Arizona,USA
24,0,1971,Phoenix,Suns,PHX,Phoenix,Arizona,USA
24,0,1972,Phoenix,Suns,PHX,Phoenix,Arizona,USA
24,0,1973,Phoenix,Suns,PHX,Phoenix,Arizona,USA
24,0,1974,Phoenix,Suns,PHX,Phoenix,Arizona,USA
24,0,1975,Phoenix,Suns,PHX,Phoenix,Arizona,USA
24,0,1976,Phoenix,Suns,PHX,Phoenix,Arizona,USA
24,0,1977,Phoenix,Suns,PHX,Phoenix,Arizona,USA
24,0,1978,Phoenix,Suns,PHX,Phoenix,Arizona,USA
24,0,1979,Phoenix,Suns,PHX,Phoenix,Arizona,USA
24,0,1980,Phoenix,Suns,PHX,Phoenix,Arizona,USA
24,0,1981,Phoenix,Suns,PHX,Phoenix,Arizona,USA
24,0,1982,Phoenix,Suns,PHX,Phoenix,Arizona,USA
24,0,1983,Phoenix,Suns,PHX,Phoenix,Arizona,USA
24,0,1984,Phoenix,Suns,PHX,Phoenix,Arizona,USA
24,0,1985,Phoenix,Suns,PHX,Phoenix,Arizona,USA
24,0,1986,Phoenix,Suns,PHX,Phoenix,Arizona,USA
24,0,1987,Phoenix,Suns,PHX,Phoenix,Arizona,USA
24,0,1988,Phoenix,Suns,PHX,Phoenix,Arizona,USA
24,0,1989,Phoenix,Suns,PHX,Phoenix,Arizona,USA
24,0,1990,Phoenix,Suns,PHX,Phoenix,Arizona,USA
24,0,1991,Phoenix,Suns,PHX,Phoenix,Arizona,USA
24,0,1992,Phoenix,Suns,PHX,Phoenix,Arizona,USA
24,0,1993,Phoenix,Suns,PHX,Phoenix,Arizona,USA
24,0,1994,Phoenix,Suns,PHX,Phoenix,Arizona,USA
24,0,1995,Phoenix,Suns,PHX,Phoenix,Arizona,USA
24,0,1996,Phoenix,Suns,PHX,Phoenix,Arizona,USA
24,0,1997,Phoenix,Suns,PHX,Phoenix,Arizona,USA
24,0,1998,Phoenix,Suns,PHX,Phoenix,Arizona,USA
24,0,1999,Phoenix,Suns,PHX,Phoenix,Arizona,USA
24,0,2000,Phoenix,Suns,PHX,Phoenix,Arizona,USA
24,0,2001,Phoenix,Suns,PHX,Phoenix,Arizona,USA
24,0,2002,Phoenix,Suns,PHX,Phoenix,Arizona,USA
24,0,2003,Phoenix,Suns,PHX,Phoenix,Arizona,USA
24,0,2004,Phoenix,Suns,PHX,Phoenix,Arizona,USA
24,0,2005,Phoenix,Suns,PHX,Phoenix,Arizona,USA
24,0,2006,Phoenix,Suns,PHX,Phoenix,Arizona,USA
24,0,2007,Phoenix,Suns,PHX,Phoenix,Arizona,USA
24,0,2008,Phoenix,Suns,PHX,Phoenix,Arizona,USA
24,0,2009,Phoenix,Suns,PHX,Phoenix,Arizona,USA
24,0,2010,Phoenix,Suns,PHX,Phoenix,Arizona,USA
24,0,2011,Phoenix,Suns,PHX,Phoenix,Arizona,USA
24,0,2012,Phoenix,Suns,PHX,Phoenix,Arizona,USA
24,0,2013,Phoenix,Suns,PHX,Phoenix,Arizona,USA
24,0,2014,Phoenix,Suns,PHX,Phoenix,Arizona,USA
24,0,2015,Phoenix,Suns,PHX,Phoenix,Arizona,USA
24,0,2016,Phoenix,Suns,PHX,Phoenix,Arizona,USA
24,0,2017,Phoenix,Suns,PHX,Phoenix,Arizona,USA
24,0,2018,Phoenix,Suns,PHX,Phoenix,Arizona,USA
24,0,2019,Phoenix,Suns,PHX,Phoenix,Arizona,USA
24,0,2020,Phoenix,Suns,PHX,Phoenix,Arizona,USA
25,0,1970,Portland ,Trail Blazers,POR,Portland,Oregon,USA
25,0,1971,Portland ,Trail Blazers,POR,Portland,Oregon,USA
25,0,1972,Portland ,Trail Blazers,POR,Portland,Oregon,USA
25,0,1973,Portland ,Trail Blazers,POR,Portland,Oregon,USA
25,0,1974,Portland ,Trail Blazers,POR,Portland,Oregon,USA
25,0,1975,Portland ,Trail Blazers,POR,Portland,Oregon,USA
25,0,1976,Portland ,Trail Blazers,POR,Portland,Oregon,USA
25,0,1977,Portland ,Trail Blazers,POR,Portland,Oregon,USA
25,0,1978,Portland ,Trail Blazers,POR,Portland,Oregon,USA
25,0,1979,Portland ,Trail Blazers,POR,Portland,Oregon,USA
25,0,1980,Portland ,Trail Blazers,POR,Portland,Oregon,USA
25,0,1981,Portland ,Trail Blazers,POR,Portland,Oregon,USA
25,0,1982,Portland ,Trail Blazers,POR,Portland,Oregon,USA
25,0,1983,Portland ,Trail Blazers,POR,Portland,Oregon,USA
25,0,1984,Portland ,Trail Blazers,POR,Portland,Oregon,USA
25,0,1985,Portland ,Trail Blazers,POR,Portland,Oregon,USA
25,0,1986,Portland ,Trail Blazers,POR,Portland,Oregon,USA
25,0,1987,Portland ,Trail Blazers,POR,Portland,Oregon,USA
25,0,1988,Portland ,Trail Blazers,POR,Portland,Oregon,USA
25,0,1989,Portland ,Trail Blazers,POR,Portland,Oregon,USA
25,0,1990,Portland ,Trail Blazers,POR,Portland,Oregon,USA
25,0,1991,Portland ,Trail Blazers,POR,Portland,Oregon,USA
25,0,1992,Portland ,Trail Blazers,POR,Portland,Oregon,USA
25,0,1993,Portland ,Trail Blazers,POR,Portland,Oregon,USA
25,0,1994,Portland ,Trail Blazers,POR,Portland,Oregon,USA
25,0,1995,Portland ,Trail Blazers,POR,Portland,Oregon,USA
25,0,1996,Portland ,Trail Blazers,POR,Portland,Oregon,USA
25,0,1997,Portland ,Trail Blazers,POR,Portland,Oregon,USA
25,0,1998,Portland ,Trail Blazers,POR,Portland,Oregon,USA
25,0,1999,Portland ,Trail Blazers,POR,Portland,Oregon,USA
25,0,2000,Portland ,Trail Blazers,POR,Portland,Oregon,USA
25,0,2001,Portland ,Trail Blazers,POR,Portland,Oregon,USA
25,0,2002,Portland ,Trail Blazers,POR,Portland,Oregon,USA
25,0,2003,Portland ,Trail Blazers,POR,Portland,Oregon,USA
25,0,2004,Portland ,Trail Blazers,POR,Portland,Oregon,USA
25,0,2005,Portland ,Trail Blazers,POR,Portland,Oregon,USA
25,0,2006,Portland ,Trail Blazers,POR,Portland,Oregon,USA
25,0,2007,Portland ,Trail Blazers,POR,Portland,Oregon,USA
25,0,2008,Portland ,Trail Blazers,POR,Portland,Oregon,USA
25,0,2009,Portland ,Trail Blazers,POR,Portland,Oregon,USA
25,0,2010,Portland ,Trail Blazers,POR,Portland,Oregon,USA
25,0,2011,Portland ,Trail Blazers,POR,Portland,Oregon,USA
25,0,2012,Portland ,Trail Blazers,POR,Portland,Oregon,USA
25,0,2013,Portland ,Trail Blazers,POR,Portland,Oregon,USA
25,0,2014,Portland ,Trail Blazers,POR,Portland,Oregon,USA
25,0,2015,Portland ,Trail Blazers,POR,Portland,Oregon,USA
25,0,2016,Portland ,Trail Blazers,POR,Portland,Oregon,USA
25,0,2017,Portland ,Trail Blazers,POR,Portland,Oregon,USA
25,0,2018,Portland ,Trail Blazers,POR,Portland,Oregon,USA
25,0,2019,Portland ,Trail Blazers,POR,Portland,Oregon,USA
25,0,2020,Portland ,Trail Blazers,POR,Portland,Oregon,USA
26,0,1949,Rochester,Royals,ROC,Rochester,New York,USA
26,0,1950,Rochester,Royals,ROC,Rochester,New York,USA
26,0,1951,Rochester,Royals,ROC,Rochester,New York,USA
26,0,1952,Rochester,Royals,ROC,Rochester,New York,USA
26,0,1953,Rochester,Royals,ROC,Rochester,New York,USA
26,0,1954,Rochester,Royals,ROC,Rochester,New York,USA
26,0,1955,Rochester,Royals,ROC,Rochester,New York,USA
26,0,1956,Rochester,Royals,ROC,Rochester,New York,USA
26,0,1957,Cincinnati,Royals,CIN,Cincinnati,Ohio,USA
26,0,1958,Cincinnati,Royals,CIN,Cincinnati,Ohio,USA
26,0,1959,Cincinnati,Royals,CIN,Cincinnati,Ohio,USA
26,0,1960,Cincinnati,Royals,CIN,Cincinnati,Ohio,USA
26,0,1961,Cincinnati,Royals,CIN,Cincinnati,Ohio,USA
26,0,1962,Cincinnati,Royals,CIN,Cincinnati,Ohio,USA
26,0,1963,Cincinnati,Royals,CIN,Cincinnati,Ohio,USA
26,0,1964,Cincinnati,Royals,CIN,Cincinnati,Ohio,USA
26,0,1965,Cincinnati,Royals,CIN,Cincinnati,Ohio,USA
26,0,1966,Cincinnati,Royals,CIN,Cincinnati,Ohio,USA
26,0,1967,Cincinnati,Royals,CIN,Cincinnati,Ohio,USA
26,0,1968,Cincinnati,Royals,CIN,Cincinnati,Ohio,USA
26,0,1969,Cincinnati,Royals,CIN,Cincinnati,Ohio,USA
26,0,1970,Cincinnati,Royals,CIN,Cincinnati,Ohio,USA
26,0,1971,Cincinnati,Royals,CIN,Cincinnati,Ohio,USA
26,0,1972,Kansas City Omaha,Kings,KCO,Omaha,Nebraska,USA
26,0,1973,Kansas City Omaha,Kings,KCO,Omaha,Nebraska,USA
26,0,1974,Kansas City Omaha,Kings,KCO,Omaha,Nebraska,USA
26,0,1975,Kansas City,Kings,KCK,Kansas City,Missouri,USA
26,0,1976,Kansas City,Kings,KCK,Kansas City,Missouri,USA
26,0,1977,Kansas City,Kings,KCK,Kansas City,Missouri,USA
26,0,1978,Kansas City,Kings,KCK,Kansas City,Missouri,USA
26,0,1979,Kansas City,Kings,KCK,Kansas City,Missouri,USA
26,0,1980,Kansas City,Kings,KCK,Kansas City,Missouri,USA
26,0,1981,Kansas City,Kings,KCK,Kansas City,Missouri,USA
26,0,1982,Kansas City,Kings,KCK,Kansas City,Missouri,USA
26,0,1983,Kansas City,Kings,KCK,Kansas City,Missouri,USA
26,0,1984,Kansas City,Kings,KCK,Kansas City,Missouri,USA
26,0,1985,Sacramento,Kings,SAC,Sacramento,California,USA
26,0,1986,Sacramento,Kings,SAC,Sacramento,California,USA
26,0,1987,Sacramento,Kings,SAC,Sacramento,California,USA
26,0,1988,Sacramento,Kings,SAC,Sacramento,California,USA
26,0,1989,Sacramento,Kings,SAC,Sacramento,California,USA
26,0,1990,Sacramento,Kings,SAC,Sacramento,California,USA
26,0,1991,Sacramento,Kings,SAC,Sacramento,California,USA
26,0,1992,Sacramento,Kings,SAC,Sacramento,California,USA
26,0,1993,Sacramento,Kings,SAC,Sacramento,California,USA
26,0,1994,Sacramento,Kings,SAC,Sacramento,California,USA
26,0,1995,Sacramento,Kings,SAC,Sacramento,California,USA
26,0,1996,Sacramento,Kings,SAC,Sacramento,California,USA
26,0,1997,Sacramento,Kings,SAC,Sacramento,California,USA
26,0,1998,Sacramento,Kings,SAC,Sacramento,California,USA
26,0,1999,Sacramento,Kings,SAC,Sacramento,California,USA
26,0,2000,Sacramento,Kings,SAC,Sacramento,California,USA
26,0,2001,Sacramento,Kings,SAC,Sacramento,California,USA
26,0,2002,Sacramento,Kings,SAC,Sacramento,California,USA
26,0,2003,Sacramento,Kings,SAC,Sacramento,California,USA
26,0,2004,Sacramento,Kings,SAC,Sacramento,California,USA
26,0,2005,Sacramento,Kings,SAC,Sacramento,California,USA
26,0,2006,Sacramento,Kings,SAC,Sacramento,California,USA
26,0,2007,Sacramento,Kings,SAC,Sacramento,California,USA
26,0,2008,Sacramento,Kings,SAC,Sacramento,California,USA
26,0,2009,Sacramento,Kings,SAC,Sacramento,California,USA
26,0,2010,Sacramento,Kings,SAC,Sacramento,California,USA
26,0,2011,Sacramento,Kings,SAC,Sacramento,California,USA
26,0,2012,Sacramento,Kings,SAC,Sacramento,California,USA
26,0,2013,Sacramento,Kings,SAC,Sacramento,California,USA
26,0,2014,Sacramento,Kings,SAC,Sacramento,California,USA
26,0,2015,Sacramento,Kings,SAC,Sacramento,California,USA
26,0,2016,Sacramento,Kings,SAC,Sacramento,California,USA
26,0,2017,Sacramento,Kings,SAC,Sacramento,California,USA
26,0,2018,Sacramento,Kings,SAC,Sacramento,California,USA
26,0,2019,Sacramento,Kings,SAC,Sacramento,California,USA
26,0,2020,Sacramento,Kings,SAC,Sacramento,California,USA
26,2,1948,Rochester,Royals,ROC,Rochester,New York,USA
27,0,1976,San Antonio ,Spurs,SAS,San Antonio,Texas,USA
27,0,1977,San Antonio ,Spurs,SAS,San Antonio,Texas,USA
27,0,1978,San Antonio ,Spurs,SAS,San Antonio,Texas,USA
27,0,1979,San Antonio ,Spurs,SAS,San Antonio,Texas,USA
27,0,1980,San Antonio ,Spurs,SAS,San Antonio,Texas,USA
27,0,1981,San Antonio ,Spurs,SAS,San Antonio,Texas,USA
27,0,1982,San Antonio ,Spurs,SAS,San Antonio,Texas,USA
27,0,1983,San Antonio ,Spurs,SAS,San Antonio,Texas,USA
27,0,1984,San Antonio ,Spurs,SAS,San Antonio,Texas,USA
27,0,1985,San Antonio ,Spurs,SAS,San Antonio,Texas,USA
27,0,1986,San Antonio ,Spurs,SAS,San Antonio,Texas,USA
27,0,1987,San Antonio ,Spurs,SAS,San Antonio,Texas,USA
27,0,1988,San Antonio ,Spurs,SAS,San Antonio,Texas,USA
27,0,1989,San Antonio ,Spurs,SAS,San Antonio,Texas,USA
27,0,1990,San Antonio ,Spurs,SAS,San Antonio,Texas,USA
27,0,1991,San Antonio ,Spurs,SAS,San Antonio,Texas,USA
27,0,1992,San Antonio ,Spurs,SAS,San Antonio,Texas,USA
27,0,1993,San Antonio ,Spurs,SAS,San Antonio,Texas,USA
27,0,1994,San Antonio ,Spurs,SAS,San Antonio,Texas,USA
27,0,1995,San Antonio ,Spurs,SAS,San Antonio,Texas,USA
27,0,1996,San Antonio ,Spurs,SAS,San Antonio,Texas,USA
27,0,1997,San Antonio ,Spurs,SAS,San Antonio,Texas,USA
27,0,1998,San Antonio ,Spurs,SAS,San Antonio,Texas,USA
27,0,1999,San Antonio ,Spurs,SAS,San Antonio,Texas,USA
27,0,2000,San Antonio ,Spurs,SAS,San Antonio,Texas,USA
27,0,2001,San Antonio ,Spurs,SAS,San Antonio,Texas,USA
27,0,2002,San Antonio ,Spurs,SAS,San Antonio,Texas,USA
27,0,2003,San Antonio ,Spurs,SAS,San Antonio,Texas,USA
27,0,2004,San Antonio ,Spurs,SAS,San Antonio,Texas,USA
27,0,2005,San Antonio ,Spurs,SAS,San Antonio,Texas,USA
27,0,2006,San Antonio ,Spurs,SAS,San Antonio,Texas,USA
27,0,2007,San Antonio ,Spurs,SAS,San Antonio,Texas,USA
27,0,2008,San Antonio ,Spurs,SAS,San Antonio,Texas,USA
27,0,2009,San Antonio ,Spurs,SAS,San Antonio,Texas,USA
27,0,2010,San Antonio ,Spurs,SAS,San Antonio,Texas,USA
27,0,2011,San Antonio ,Spurs,SAS,San Antonio,Texas,USA
27,0,2012,San Antonio ,Spurs,SAS,San Antonio,Texas,USA
27,0,2013,San Antonio ,Spurs,SAS,San Antonio,Texas,USA
27,0,2014,San Antonio ,Spurs,SAS,San Antonio,Texas,USA
27,0,2015,San Antonio ,Spurs,SAS,San Antonio,Texas,USA
27,0,2016,San Antonio ,Spurs,SAS,San Antonio,Texas,USA
27,0,2017,San Antonio ,Spurs,SAS,San Antonio,Texas,USA
27,0,2018,San Antonio ,Spurs,SAS,San Antonio,Texas,USA
27,0,2019,San Antonio ,Spurs,SAS,San Antonio,Texas,USA
27,0,2020,San Antonio ,Spurs,SAS,San Antonio,Texas,USA
27,1,1967,Dallas,Chaparrals,DLC,Dallas,Texas,USA
27,1,1968,Dallas,Chaparrals,DLC,Dallas,Texas,USA
27,1,1969,Dallas,Chaparrals,TEX,Dallas,Texas,USA
27,1,1970,Texas,Chaparrals,DLC,Dallas,Texas,USA
27,1,1971,Dallas,Chaparrals,DLC,Dallas,Texas,USA
27,1,1972,Dallas,Chaparrals,DLC,Dallas,Texas,USA
27,1,1973,San Antonio ,Spurs,SAS,San Antonio,Texas,USA
27,1,1974,San Antonio ,Spurs,SAS,San Antonio,Texas,USA
27,1,1975,San Antonio ,Spurs,SAS,San Antonio,Texas,USA
28,0,1996,Toronto,Raptors,TOR,Toronto,Ontario,Canada
28,0,1997,Toronto,Raptors,TOR,Toronto,Ontario,Canada
28,0,1998,Toronto,Raptors,TOR,Toronto,Ontario,Canada
28,0,1999,Toronto,Raptors,TOR,Toronto,Ontario,Canada
28,0,2000,Toronto,Raptors,TOR,Toronto,Ontario,Canada
28,0,2001,Toronto,Raptors,TOR,Toronto,Ontario,Canada
28,0,2002,Toronto,Raptors,TOR,Toronto,Ontario,Canada
28,0,2003,Toronto,Raptors,TOR,Toronto,Ontario,Canada
28,0,2004,Toronto,Raptors,TOR,Toronto,Ontario,Canada
28,0,2005,Toronto,Raptors,TOR,Toronto,Ontario,Canada
28,0,2006,Toronto,Raptors,TOR,Toronto,Ontario,Canada
28,0,2007,Toronto,Raptors,TOR,Toronto,Ontario,Canada
28,0,2008,Toronto,Raptors,TOR,Toronto,Ontario,Canada
28,0,2009,Toronto,Raptors,TOR,Toronto,Ontario,Canada
28,0,2010,Toronto,Raptors,TOR,Toronto,Ontario,Canada
28,0,2011,Toronto,Raptors,TOR,Toronto,Ontario,Canada
28,0,2012,Toronto,Raptors,TOR,Toronto,Ontario,Canada
28,0,2013,Toronto,Raptors,TOR,Toronto,Ontario,Canada
28,0,2014,Toronto,Raptors,TOR,Toronto,Ontario,Canada
28,0,2015,Toronto,Raptors,TOR,Toronto,Ontario,Canada
28,0,2016,Toronto,Raptors,TOR,Toronto,Ontario,Canada
28,0,2017,Toronto,Raptors,TOR,Toronto,Ontario,Canada
28,0,2018,Toronto,Raptors,TOR,Toronto,Ontario,Canada
28,0,2019,Toronto,Raptors,TOR,Toronto,Ontario,Canada
28,0,2020,Toronto,Raptors,TOR,Toronto,Ontario,Canada
29,0,1974,New Orleans,Jazz,NOR,New Orleans,Louisiana,USA
29,0,1975,New Orleans,Jazz,NOR,New Orleans,Louisiana,USA
29,0,1976,New Orleans,Jazz,NOR,New Orleans,Louisiana,USA
29,0,1977,New Orleans,Jazz,NOR,New Orleans,Louisiana,USA
29,0,1978,New Orleans,Jazz,NOR,New Orleans,Louisiana,USA
29,0,1979,Utah,Jazz,UTA,Salt Lake City,Utah,USA
29,0,1980,Utah,Jazz,UTA,Salt Lake City,Utah,USA
29,0,1981,Utah,Jazz,UTA,Salt Lake City,Utah,USA
29,0,1982,Utah,Jazz,UTA,Salt Lake City,Utah,USA
29,0,1983,Utah,Jazz,UTA,Salt Lake City,Utah,USA
29,0,1984,Utah,Jazz,UTA,Salt Lake City,Utah,USA
29,0,1985,Utah,Jazz,UTA,Salt Lake City,Utah,USA
29,0,1986,Utah,Jazz,UTA,Salt Lake City,Utah,USA
29,0,1987,Utah,Jazz,UTA,Salt Lake City,Utah,USA
29,0,1988,Utah,Jazz,UTA,Salt Lake City,Utah,USA
29,0,1989,Utah,Jazz,UTA,Salt Lake City,Utah,USA
29,0,1990,Utah,Jazz,UTA,Salt Lake City,Utah,USA
29,0,1991,Utah,Jazz,UTA,Salt Lake City,Utah,USA
29,0,1992,Utah,Jazz,UTA,Salt Lake City,Utah,USA
29,0,1993,Utah,Jazz,UTA,Salt Lake City,Utah,USA
29,0,1994,Utah,Jazz,UTA,Salt Lake City,Utah,USA
29,0,1995,Utah,Jazz,UTA,Salt Lake City,Utah,USA
29,0,1996,Utah,Jazz,UTA,Salt Lake City,Utah,USA
29,0,1997,Utah,Jazz,UTA,Salt Lake City,Utah,USA
29,0,1998,Utah,Jazz,UTA,Salt Lake City,Utah,USA
29,0,1999,Utah,Jazz,UTA,Salt Lake City,Utah,USA
29,0,2000,Utah,Jazz,UTA,Salt Lake City,Utah,USA
29,0,2001,Utah,Jazz,UTA,Salt Lake City,Utah,USA
29,0,2002,Utah,Jazz,UTA,Salt Lake City,Utah,USA
29,0,2003,Utah,Jazz,UTA,Salt Lake City,Utah,USA
29,0,2004,Utah,Jazz,UTA,Salt Lake City,Utah,USA
29,0,2005,Utah,Jazz,UTA,Salt Lake City,Utah,USA
29,0,2006,Utah,Jazz,UTA,Salt Lake City,Utah,USA
29,0,2007,Utah,Jazz,UTA,Salt Lake City,Utah,USA
29,0,2008,Utah,Jazz,UTA,Salt Lake City,Utah,USA
29,0,2009,Utah,Jazz,UTA,Salt Lake City,Utah,USA
29,0,2010,Utah,Jazz,UTA,Salt Lake City,Utah,USA
29,0,2011,Utah,Jazz,UTA,Salt Lake City,Utah,USA
29,0,2012,Utah,Jazz,UTA,Salt Lake City,Utah,USA
29,0,2013,Utah,Jazz,UTA,Salt Lake City,Utah,USA
29,0,2014,Utah,Jazz,UTA,Salt Lake City,Utah,USA
29,0,2015,Utah,Jazz,UTA,Salt Lake City,Utah,USA
29,0,2016,Utah,Jazz,UTA,Salt Lake City,Utah,USA
29,0,2017,Utah,Jazz,UTA,Salt Lake City,Utah,USA
29,0,2018,Utah,Jazz,UTA,Salt Lake City,Utah,USA
29,0,2019,Utah,Jazz,UTA,Salt Lake City,Utah,USA
29,0,2020,Utah,Jazz,UTA,Salt Lake City,Utah,USA
30,0,1961,Chicago,Packers,CHP,Chicago,Illinois,USA
30,0,1962,Chicago,Zephyrs,CHP,Chicago,Illinois,USA
30,0,1963,Baltimore,Bullets,WAS,Baltimore,Maryland,USA
30,0,1964,Baltimore,Bullets,WAS,Baltimore,Maryland,USA
30,0,1965,Baltimore,Bullets,WAS,Baltimore,Maryland,USA
30,0,1966,Baltimore,Bullets,WAS,Baltimore,Maryland,USA
30,0,1967,Baltimore,Bullets,WAS,Baltimore,Maryland,USA
30,0,1968,Baltimore,Bullets,WAS,Baltimore,Maryland,USA
30,0,1969,Baltimore,Bullets,WAS,Baltimore,Maryland,USA
30,0,1970,Baltimore,Bullets,WAS,Baltimore,Maryland,USA
30,0,1971,Baltimore,Bullets,WAS,Baltimore,Maryland,USA
30,0,1972,Baltimore,Bullets,WAS,Baltimore,Maryland,USA
30,0,1973,Capital,Bullets,WAS,Washington D.C.,,USA
30,0,1974,Washington,Bullets,WAS,Washington D.C.,,USA
30,0,1975,Washington,Bullets,WAS,Washington D.C.,,USA
30,0,1976,Washington,Bullets,WAS,Washington D.C.,,USA
30,0,1977,Washington,Bullets,WAS,Washington D.C.,,USA
30,0,1978,Washington,Bullets,WAS,Washington D.C.,,USA
30,0,1979,Washington,Bullets,WAS,Washington D.C.,,USA
30,0,1980,Washington,Bullets,WAS,Washington D.C.,,USA
30,0,1981,Washington,Bullets,WAS,Washington D.C.,,USA
30,0,1982,Washington,Bullets,WAS,Washington D.C.,,USA
30,0,1983,Washington,Bullets,WAS,Washington D.C.,,USA
30,0,1984,Washington,Bullets,WAS,Washington D.C.,,USA
30,0,1985,Washington,Bullets,WAS,Washington D.C.,,USA
30,0,1986,Washington,Bullets,WAS,Washington D.C.,,USA
30,0,1987,Washington,Bullets,WAS,Washington D.C.,,USA
30,0,1988,Washington,Bullets,WAS,Washington D.C.,,USA
30,0,1989,Washington,Bullets,WAS,Washington D.C.,,USA
30,0,1990,Washington,Bullets,WAS,Washington D.C.,,USA
30,0,1991,Washington,Bullets,WAS,Washington D.C.,,USA
30,0,1992,Washington,Bullets,WAS,Washington D.C.,,USA
30,0,1993,Washington,Bullets,WAS,Washington D.C.,,USA
30,0,1994,Washington,Bullets,WAS,Washington D.C.,,USA
30,0,1995,Washington,Bullets,WAS,Washington D.C.,,USA
30,0,1996,Washington,Bullets,WAS,Washington D.C.,,USA
30,0,1997,Washington,Wizards,WAS,Washington D.C.,,USA
30,0,1998,Washington,Wizards,WAS,Washington D.C.,,USA
30,0,1999,Washington,Wizards,WAS,Washington D.C.,,USA
30,0,2000,Washington,Wizards,WAS,Washington D.C.,,USA
30,0,2001,Washington,Wizards,WAS,Washington D.C.,,USA
30,0,2002,Washington,Wizards,WAS,Washington D.C.,,USA
30,0,2003,Washington,Wizards,WAS,Washington D.C.,,USA
30,0,2004,Washington,Wizards,WAS,Washington D.C.,,USA
30,0,2005,Washington,Wizards,WAS,Washington D.C.,,USA
30,0,2006,Washington,Wizards,WAS,Washington D.C.,,USA
30,0,2007,Washington,Wizards,WAS,Washington D.C.,,USA
30,0,2008,Washington,Wizards,WAS,Washington D.C.,,USA
30,0,2009,Washington,Wizards,WAS,Washington D.C.,,USA
30,0,2010,Washington,Wizards,WAS,Washington D.C.,,USA
30,0,2011,Washington,Wizards,WAS,Washington D.C.,,USA
30,0,2012,Washington,Wizards,WAS,Washington D.C.,,USA
30,0,2013,Washington,Wizards,WAS,Washington D.C.,,USA
30,0,2014,Washington,Wizards,WAS,Washington D.C.,,USA
30,0,2015,Washington,Wizards,WAS,Washington D.C.,,USA
30,0,2016,Washington,Wizards,WAS,Washington D.C.,,USA
30,0,2017,Washington,Wizards,WAS,Washington D.C.,,USA
30,0,2018,Washington,Wizards,WAS,Washington D.C.,,USA
30,0,2019,Washington,Wizards,WAS,Washington D.C.,,USA
30,0,2020,Washington,Wizards,WAS,Washington D.C.,,USA
